CustomerID,AddressID,AddressTypeID,rowguid,ModifiedDate
1,832,3,...,"2001-08-01 00:00:00"
2,297,5,...,"2002-08-01 00:00:00"
2,833,3,...,"2002-08-01 00:00:00"
3,559,3,...,"2001-09-01 00:00:00"
4,560,3,...,"2002-07-01 00:00:00"
4,11380,5,...,"2002-07-01 00:00:00"
5,988,3,...,"2002-09-01 00:00:00"
6,989,3,...,"2003-09-01 00:00:00"
7,990,3,...,"2002-07-01 00:00:00"
8,908,3,...,"2003-08-01 00:00:00"
9,909,3,...,"2002-11-01 00:00:00"
10,445,3,...,"2002-09-01 00:00:00"
11,446,3,...,"2001-08-01 00:00:00"
12,447,3,...,"2002-08-01 00:00:00"
13,675,3,...,"2002-08-01 00:00:00"
14,715,3,...,"2003-09-01 00:00:00"
15,405,3,...,"2003-09-01 00:00:00"
16,635,3,...,"2002-09-01 00:00:00"
17,755,3,...,"2001-07-01 00:00:00"
18,756,3,...,"2001-08-01 00:00:00"
19,11,5,...,"2003-04-01 00:00:00"
19,834,3,...,"2003-04-01 00:00:00"
20,835,3,...,"2001-09-01 00:00:00"
21,561,3,...,"2002-09-01 00:00:00"
22,562,3,...,"2001-08-01 00:00:00"
23,991,3,...,"2002-09-01 00:00:00"
24,992,3,...,"2002-09-01 00:00:00"
25,993,3,...,"2002-09-01 00:00:00"
26,910,3,...,"2001-12-01 00:00:00"
27,911,3,...,"2001-07-01 00:00:00"
28,448,3,...,"2003-08-01 00:00:00"
29,449,3,...,"2001-08-01 00:00:00"
30,450,3,...,"2002-09-01 00:00:00"
31,676,3,...,"2003-08-01 00:00:00"
32,716,3,...,"2003-08-01 00:00:00"
33,406,3,...,"2003-09-01 00:00:00"
34,636,3,...,"2003-07-01 00:00:00"
35,757,3,...,"2003-07-01 00:00:00"
36,758,3,...,"2001-08-01 00:00:00"
37,836,3,...,"2002-09-01 00:00:00"
38,837,3,...,"2003-09-01 00:00:00"
39,563,3,...,"2002-09-01 00:00:00"
40,564,3,...,"2001-08-01 00:00:00"
41,994,3,...,"2002-07-01 00:00:00"
42,995,3,...,"2002-07-01 00:00:00"
43,996,3,...,"2002-08-01 00:00:00"
44,912,3,...,"2003-09-01 00:00:00"
45,913,3,...,"2001-08-01 00:00:00"
46,451,3,...,"2002-12-01 00:00:00"
47,452,3,...,"2001-09-01 00:00:00"
48,453,3,...,"2003-09-01 00:00:00"
49,677,3,...,"2003-09-01 00:00:00"
50,717,3,...,"2003-10-01 00:00:00"
51,407,3,...,"2003-09-01 00:00:00"
52,637,3,...,"2003-09-01 00:00:00"
53,759,3,...,"2003-09-01 00:00:00"
54,760,3,...,"2001-09-01 00:00:00"
55,838,3,...,"2003-09-01 00:00:00"
56,839,3,...,"2002-08-01 00:00:00"
57,565,3,...,"2001-09-01 00:00:00"
58,566,3,...,"2001-11-01 00:00:00"
59,997,3,...,"2003-09-01 00:00:00"
60,998,3,...,"2003-09-01 00:00:00"
61,999,3,...,"2002-09-01 00:00:00"
62,914,3,...,"2002-08-01 00:00:00"
63,915,3,...,"2001-08-01 00:00:00"
64,454,3,...,"2003-08-01 00:00:00"
65,455,3,...,"2002-08-01 00:00:00"
66,456,3,...,"2002-08-01 00:00:00"
67,678,3,...,"2002-09-01 00:00:00"
68,718,3,...,"2003-08-01 00:00:00"
69,408,3,...,"2003-09-01 00:00:00"
70,638,3,...,"2003-08-01 00:00:00"
71,761,3,...,"2003-08-01 00:00:00"
72,762,3,...,"2002-09-01 00:00:00"
73,840,3,...,"2001-08-01 00:00:00"
74,841,3,...,"2001-11-01 00:00:00"
75,567,3,...,"2001-09-01 00:00:00"
76,568,3,...,"2001-09-01 00:00:00"
77,1000,3,...,"2002-08-01 00:00:00"
78,1001,3,...,"2001-08-01 00:00:00"
79,1002,3,...,"2002-08-01 00:00:00"
80,916,3,...,"2003-08-01 00:00:00"
81,917,3,...,"2002-07-01 00:00:00"
82,457,3,...,"2002-07-01 00:00:00"
83,458,3,...,"2001-07-01 00:00:00"
84,459,3,...,"2001-08-01 00:00:00"
85,679,3,...,"2003-08-01 00:00:00"
86,719,3,...,"2003-07-01 00:00:00"
87,409,3,...,"2003-08-01 00:00:00"
88,639,3,...,"2003-09-01 00:00:00"
89,763,3,...,"2002-08-01 00:00:00"
90,764,3,...,"2002-09-01 00:00:00"
91,842,3,...,"2001-09-01 00:00:00"
92,843,3,...,"2001-09-01 00:00:00"
93,569,3,...,"2001-09-01 00:00:00"
94,570,3,...,"2002-07-01 00:00:00"
95,1003,3,...,"2003-07-01 00:00:00"
96,1004,3,...,"2001-09-01 00:00:00"
97,1005,3,...,"2002-08-01 00:00:00"
98,918,3,...,"2002-09-01 00:00:00"
99,919,3,...,"2001-08-01 00:00:00"
100,460,3,...,"2003-08-01 00:00:00"
101,461,3,...,"2002-08-01 00:00:00"
102,462,3,...,"2001-08-01 00:00:00"
103,680,3,...,"2003-08-01 00:00:00"
104,720,3,...,"2003-09-01 00:00:00"
105,410,3,...,"2003-09-01 00:00:00"
106,640,3,...,"2003-09-01 00:00:00"
107,765,3,...,"2001-08-01 00:00:00"
108,766,3,...,"2002-08-01 00:00:00"
109,844,3,...,"2003-09-01 00:00:00"
110,845,3,...,"2003-07-01 00:00:00"
111,571,3,...,"2001-12-01 00:00:00"
112,572,3,...,"2003-09-01 00:00:00"
113,1006,3,...,"2003-09-01 00:00:00"
114,1007,3,...,"2001-09-01 00:00:00"
115,1008,3,...,"2002-08-01 00:00:00"
116,920,3,...,"2001-09-01 00:00:00"
117,921,3,...,"2001-07-01 00:00:00"
118,463,3,...,"2001-09-01 00:00:00"
119,464,3,...,"2001-07-01 00:00:00"
120,465,3,...,"2003-07-01 00:00:00"
121,681,3,...,"2002-09-01 00:00:00"
122,721,3,...,"2003-09-01 00:00:00"
123,411,3,...,"2003-07-01 00:00:00"
124,641,3,...,"2002-08-01 00:00:00"
125,767,3,...,"2002-07-01 00:00:00"
126,768,3,...,"2001-12-01 00:00:00"
127,846,3,...,"2002-08-01 00:00:00"
128,847,3,...,"2002-06-01 00:00:00"
129,573,3,...,"2001-11-01 00:00:00"
130,25,5,...,"2002-09-01 00:00:00"
130,574,3,...,"2002-09-01 00:00:00"
131,1009,3,...,"2003-08-01 00:00:00"
132,1010,3,...,"2003-08-01 00:00:00"
133,1011,3,...,"2002-09-01 00:00:00"
134,922,3,...,"2003-08-01 00:00:00"
135,923,3,...,"2002-08-01 00:00:00"
136,466,3,...,"2001-08-01 00:00:00"
137,467,3,...,"2001-11-01 00:00:00"
138,468,3,...,"2003-08-01 00:00:00"
139,682,3,...,"2002-07-01 00:00:00"
140,722,3,...,"2002-07-01 00:00:00"
141,412,3,...,"2003-08-01 00:00:00"
142,642,3,...,"2003-09-01 00:00:00"
143,769,3,...,"2001-09-01 00:00:00"
144,770,3,...,"2001-08-01 00:00:00"
145,848,3,...,"2001-08-01 00:00:00"
146,849,3,...,"2001-07-01 00:00:00"
147,575,3,...,"2002-09-01 00:00:00"
148,576,3,...,"2001-11-01 00:00:00"
149,1012,3,...,"2002-09-01 00:00:00"
150,1013,3,...,"2002-08-01 00:00:00"
151,1014,3,...,"2002-09-01 00:00:00"
152,924,3,...,"2002-08-01 00:00:00"
153,925,3,...,"2003-10-01 00:00:00"
154,469,3,...,"2003-09-01 00:00:00"
155,470,3,...,"2001-09-01 00:00:00"
156,471,3,...,"2001-09-01 00:00:00"
157,683,3,...,"2002-08-01 00:00:00"
158,723,3,...,"2002-08-01 00:00:00"
159,413,3,...,"2003-08-01 00:00:00"
160,643,3,...,"2002-09-01 00:00:00"
161,771,3,...,"2001-07-01 00:00:00"
162,772,3,...,"2001-11-01 00:00:00"
163,850,3,...,"2003-09-01 00:00:00"
164,851,3,...,"2001-08-01 00:00:00"
165,577,3,...,"2002-09-01 00:00:00"
166,578,3,...,"2001-07-01 00:00:00"
167,1015,3,...,"2001-08-01 00:00:00"
168,1016,3,...,"2002-09-01 00:00:00"
169,1017,3,...,"2001-09-01 00:00:00"
170,926,3,...,"2001-09-01 00:00:00"
171,927,3,...,"2003-09-01 00:00:00"
172,472,3,...,"2001-09-01 00:00:00"
173,473,3,...,"2001-09-01 00:00:00"
174,474,3,...,"2001-09-01 00:00:00"
175,684,3,...,"2002-08-01 00:00:00"
176,724,3,...,"2003-09-01 00:00:00"
177,414,3,...,"2003-07-01 00:00:00"
178,644,3,...,"2003-08-01 00:00:00"
179,773,3,...,"2003-09-01 00:00:00"
180,774,3,...,"2001-09-01 00:00:00"
181,852,3,...,"2003-08-01 00:00:00"
182,853,3,...,"2003-09-01 00:00:00"
183,579,3,...,"2002-07-01 00:00:00"
184,580,3,...,"2002-07-01 00:00:00"
185,1018,3,...,"2003-07-01 00:00:00"
186,1019,3,...,"2003-09-01 00:00:00"
187,1020,3,...,"2001-09-01 00:00:00"
188,928,3,...,"2001-09-01 00:00:00"
189,929,3,...,"2001-09-01 00:00:00"
190,475,3,...,"2003-09-01 00:00:00"
191,476,3,...,"2001-08-01 00:00:00"
192,477,3,...,"2001-08-01 00:00:00"
193,685,3,...,"2003-08-01 00:00:00"
194,725,3,...,"2003-08-01 00:00:00"
195,415,3,...,"2003-09-01 00:00:00"
196,645,3,...,"2003-07-01 00:00:00"
197,775,3,...,"2002-09-01 00:00:00"
198,776,3,...,"2001-11-01 00:00:00"
199,854,3,...,"2003-08-01 00:00:00"
200,855,3,...,"2001-07-01 00:00:00"
201,581,3,...,"2003-09-01 00:00:00"
202,582,3,...,"2003-09-01 00:00:00"
203,1021,3,...,"2001-07-01 00:00:00"
204,1022,3,...,"2001-07-01 00:00:00"
205,1023,3,...,"2003-07-01 00:00:00"
206,930,3,...,"2001-08-01 00:00:00"
207,931,3,...,"2002-08-01 00:00:00"
208,478,3,...,"2001-08-01 00:00:00"
209,479,3,...,"2001-08-01 00:00:00"
210,480,3,...,"2001-08-01 00:00:00"
211,686,3,...,"2002-11-01 00:00:00"
212,726,3,...,"2003-09-01 00:00:00"
213,416,3,...,"2003-08-01 00:00:00"
214,646,3,...,"2002-08-01 00:00:00"
215,777,3,...,"2001-10-01 00:00:00"
216,778,3,...,"2001-09-01 00:00:00"
217,856,3,...,"2002-11-01 00:00:00"
218,857,3,...,"2001-08-01 00:00:00"
219,583,3,...,"2003-03-01 00:00:00"
220,584,3,...,"2003-07-01 00:00:00"
221,1024,3,...,"2001-07-01 00:00:00"
222,1025,3,...,"2001-09-01 00:00:00"
222,11381,5,...,"2001-09-01 00:00:00"
223,1026,3,...,"2003-09-01 00:00:00"
224,932,3,...,"2002-08-01 00:00:00"
225,933,3,...,"2002-09-01 00:00:00"
226,481,3,...,"2002-08-01 00:00:00"
227,482,3,...,"2001-07-01 00:00:00"
228,483,3,...,"2003-09-01 00:00:00"
229,687,3,...,"2002-07-01 00:00:00"
230,727,3,...,"2003-08-01 00:00:00"
231,417,3,...,"2003-07-01 00:00:00"
232,647,3,...,"2003-07-01 00:00:00"
233,779,3,...,"2002-08-01 00:00:00"
234,780,3,...,"2002-07-01 00:00:00"
235,858,3,...,"2002-09-01 00:00:00"
236,859,3,...,"2002-08-01 00:00:00"
237,585,3,...,"2002-08-01 00:00:00"
238,586,3,...,"2001-09-01 00:00:00"
239,1027,3,...,"2002-09-01 00:00:00"
240,1028,3,...,"2001-08-01 00:00:00"
241,1029,3,...,"2003-07-01 00:00:00"
242,934,3,...,"2002-07-01 00:00:00"
243,935,3,...,"2003-06-01 00:00:00"
244,484,3,...,"2004-06-01 00:00:00"
245,485,3,...,"2002-07-01 00:00:00"
246,486,3,...,"2002-07-01 00:00:00"
247,688,3,...,"2002-08-01 00:00:00"
248,728,3,...,"2003-10-01 00:00:00"
249,418,3,...,"2003-09-01 00:00:00"
250,648,3,...,"2003-08-01 00:00:00"
251,781,3,...,"2003-08-01 00:00:00"
252,782,3,...,"2001-10-01 00:00:00"
253,860,3,...,"2002-07-01 00:00:00"
254,185,5,...,"2002-09-01 00:00:00"
254,861,3,...,"2002-09-01 00:00:00"
255,587,3,...,"2001-08-01 00:00:00"
256,588,3,...,"2001-08-01 00:00:00"
257,1030,3,...,"2002-08-01 00:00:00"
258,1031,3,...,"2002-08-01 00:00:00"
259,1032,3,...,"2001-08-01 00:00:00"
260,936,3,...,"2003-08-01 00:00:00"
261,937,3,...,"2003-08-01 00:00:00"
262,487,3,...,"2002-09-01 00:00:00"
263,488,3,...,"2003-08-01 00:00:00"
264,489,3,...,"2003-08-01 00:00:00"
265,689,3,...,"2002-07-01 00:00:00"
266,729,3,...,"2003-08-01 00:00:00"
267,419,3,...,"2003-09-01 00:00:00"
268,649,3,...,"2003-09-01 00:00:00"
269,783,3,...,"2001-07-01 00:00:00"
270,784,3,...,"2001-08-01 00:00:00"
271,862,3,...,"2001-11-01 00:00:00"
272,863,3,...,"2001-09-01 00:00:00"
273,589,3,...,"2001-09-01 00:00:00"
274,590,3,...,"2002-07-01 00:00:00"
275,1033,3,...,"2003-07-01 00:00:00"
276,1034,3,...,"2003-09-01 00:00:00"
277,1035,3,...,"2002-09-01 00:00:00"
278,30,5,...,"2001-08-01 00:00:00"
278,938,3,...,"2001-08-01 00:00:00"
279,939,3,...,"2001-09-01 00:00:00"
280,490,3,...,"2002-08-01 00:00:00"
281,491,3,...,"2003-09-01 00:00:00"
282,492,3,...,"2003-09-01 00:00:00"
283,690,3,...,"2003-08-01 00:00:00"
284,730,3,...,"2003-09-01 00:00:00"
285,420,3,...,"2003-09-01 00:00:00"
286,650,3,...,"2002-07-01 00:00:00"
287,785,3,...,"2001-08-01 00:00:00"
288,786,3,...,"2002-12-01 00:00:00"
289,864,3,...,"2001-08-01 00:00:00"
290,865,3,...,"2002-07-01 00:00:00"
291,591,3,...,"2002-09-01 00:00:00"
292,592,3,...,"2001-07-01 00:00:00"
293,1036,3,...,"2001-09-01 00:00:00"
294,1037,3,...,"2001-09-01 00:00:00"
295,1038,3,...,"2003-09-01 00:00:00"
296,940,3,...,"2002-08-01 00:00:00"
297,941,3,...,"2003-09-01 00:00:00"
298,493,3,...,"2003-09-01 00:00:00"
299,494,3,...,"2002-07-01 00:00:00"
300,495,3,...,"2002-09-01 00:00:00"
301,691,3,...,"2002-08-01 00:00:00"
302,731,3,...,"2003-07-01 00:00:00"
303,421,3,...,"2003-09-01 00:00:00"
304,651,3,...,"2003-09-01 00:00:00"
305,787,3,...,"2003-07-01 00:00:00"
306,788,3,...,"2002-09-01 00:00:00"
307,866,3,...,"2003-08-01 00:00:00"
308,867,3,...,"2003-09-01 00:00:00"
309,593,3,...,"2001-08-01 00:00:00"
310,594,3,...,"2002-08-01 00:00:00"
311,1039,3,...,"2002-09-01 00:00:00"
312,1040,3,...,"2001-08-01 00:00:00"
313,1041,3,...,"2001-11-01 00:00:00"
314,942,3,...,"2002-06-01 00:00:00"
315,943,3,...,"2001-07-01 00:00:00"
316,496,3,...,"2003-08-01 00:00:00"
317,497,3,...,"2001-08-01 00:00:00"
318,498,3,...,"2001-08-01 00:00:00"
319,692,3,...,"2003-09-01 00:00:00"
320,732,3,...,"2003-07-01 00:00:00"
321,422,3,...,"2003-08-01 00:00:00"
322,652,3,...,"2002-09-01 00:00:00"
323,789,3,...,"2002-08-01 00:00:00"
324,790,3,...,"2002-08-01 00:00:00"
325,9,5,...,"2002-07-01 00:00:00"
325,868,3,...,"2002-07-01 00:00:00"
326,869,3,...,"2001-08-01 00:00:00"
327,595,3,...,"2002-09-01 00:00:00"
328,596,3,...,"2001-08-01 00:00:00"
329,1042,3,...,"2001-08-01 00:00:00"
330,1043,3,...,"2001-12-01 00:00:00"
331,1044,3,...,"2003-07-01 00:00:00"
332,944,3,...,"2003-07-01 00:00:00"
333,945,3,...,"2003-07-01 00:00:00"
334,499,3,...,"2002-08-01 00:00:00"
335,500,3,...,"2001-08-01 00:00:00"
336,501,3,...,"2001-08-01 00:00:00"
337,693,3,...,"2002-07-01 00:00:00"
338,733,3,...,"2003-09-01 00:00:00"
339,423,3,...,"2003-08-01 00:00:00"
340,653,3,...,"2002-09-01 00:00:00"
341,791,3,...,"2002-09-01 00:00:00"
342,792,3,...,"2001-08-01 00:00:00"
343,870,3,...,"2002-08-01 00:00:00"
344,871,3,...,"2001-07-01 00:00:00"
345,597,3,...,"2002-08-01 00:00:00"
346,598,3,...,"2001-08-01 00:00:00"
347,1045,3,...,"2001-08-01 00:00:00"
348,1046,3,...,"2001-08-01 00:00:00"
349,1047,3,...,"2002-09-01 00:00:00"
350,946,3,...,"2002-11-01 00:00:00"
351,947,3,...,"2003-09-01 00:00:00"
352,502,3,...,"2002-08-01 00:00:00"
353,503,3,...,"2001-08-01 00:00:00"
354,504,3,...,"2001-08-01 00:00:00"
355,694,3,...,"2002-07-01 00:00:00"
356,734,3,...,"2002-07-01 00:00:00"
357,424,3,...,"2003-08-01 00:00:00"
358,654,3,...,"2003-08-01 00:00:00"
359,793,3,...,"2002-08-01 00:00:00"
360,794,3,...,"2003-08-01 00:00:00"
361,872,3,...,"2003-08-01 00:00:00"
362,873,3,...,"2003-08-01 00:00:00"
363,599,3,...,"2003-08-01 00:00:00"
364,600,3,...,"2001-08-01 00:00:00"
365,1048,3,...,"2001-09-01 00:00:00"
366,1049,3,...,"2001-09-01 00:00:00"
367,1050,3,...,"2001-09-01 00:00:00"
368,948,3,...,"2001-09-01 00:00:00"
369,949,3,...,"2001-09-01 00:00:00"
370,505,3,...,"2001-08-01 00:00:00"
371,506,3,...,"2001-08-01 00:00:00"
372,507,3,...,"2003-09-01 00:00:00"
373,695,3,...,"2003-09-01 00:00:00"
374,735,3,...,"2003-09-01 00:00:00"
375,425,3,...,"2003-09-01 00:00:00"
376,655,3,...,"2002-08-01 00:00:00"
377,795,3,...,"2002-08-01 00:00:00"
378,796,3,...,"2003-08-01 00:00:00"
379,874,3,...,"2002-09-01 00:00:00"
380,875,3,...,"2002-07-01 00:00:00"
381,601,3,...,"2002-08-01 00:00:00"
382,602,3,...,"2002-09-01 00:00:00"
383,1051,3,...,"2001-10-01 00:00:00"
384,1052,3,...,"2001-08-01 00:00:00"
385,1053,3,...,"2001-08-01 00:00:00"
386,950,3,...,"2001-09-01 00:00:00"
387,951,3,...,"2002-07-01 00:00:00"
388,508,3,...,"2002-12-01 00:00:00"
389,509,3,...,"2001-08-01 00:00:00"
390,510,3,...,"2001-11-01 00:00:00"
391,696,3,...,"2003-08-01 00:00:00"
392,736,3,...,"2003-07-01 00:00:00"
393,426,3,...,"2003-08-01 00:00:00"
394,656,3,...,"2003-08-01 00:00:00"
395,797,3,...,"2002-09-01 00:00:00"
396,798,3,...,"2002-08-01 00:00:00"
397,876,3,...,"2001-07-01 00:00:00"
398,877,3,...,"2002-07-01 00:00:00"
399,603,3,...,"2003-08-01 00:00:00"
400,604,3,...,"2003-09-01 00:00:00"
401,1054,3,...,"2001-08-01 00:00:00"
402,1055,3,...,"2001-08-01 00:00:00"
403,1056,3,...,"2001-08-01 00:00:00"
404,952,3,...,"2002-07-01 00:00:00"
405,953,3,...,"2002-07-01 00:00:00"
406,511,3,...,"2002-12-01 00:00:00"
407,512,3,...,"2003-09-01 00:00:00"
408,513,3,...,"2003-09-01 00:00:00"
409,697,3,...,"2003-09-01 00:00:00"
410,737,3,...,"2003-08-01 00:00:00"
411,427,3,...,"2003-08-01 00:00:00"
412,657,3,...,"2002-08-01 00:00:00"
413,799,3,...,"2002-08-01 00:00:00"
414,800,3,...,"2002-07-01 00:00:00"
415,878,3,...,"2002-07-01 00:00:00"
416,879,3,...,"2002-07-01 00:00:00"
417,605,3,...,"2001-09-01 00:00:00"
418,606,3,...,"2001-09-01 00:00:00"
419,1057,3,...,"2001-09-01 00:00:00"
420,1058,3,...,"2003-09-01 00:00:00"
421,1059,3,...,"2003-07-01 00:00:00"
422,954,3,...,"2001-08-01 00:00:00"
423,955,3,...,"2001-07-01 00:00:00"
424,514,3,...,"2002-09-01 00:00:00"
425,515,3,...,"2002-07-01 00:00:00"
426,516,3,...,"2002-08-01 00:00:00"
427,698,3,...,"2003-08-01 00:00:00"
428,738,3,...,"2003-09-01 00:00:00"
429,428,3,...,"2003-07-01 00:00:00"
430,658,3,...,"2002-08-01 00:00:00"
431,801,3,...,"2001-07-01 00:00:00"
432,802,3,...,"2001-08-01 00:00:00"
433,880,3,...,"2001-08-01 00:00:00"
434,881,3,...,"2002-10-01 00:00:00"
435,607,3,...,"2002-08-01 00:00:00"
436,608,3,...,"2002-08-01 00:00:00"
437,1060,3,...,"2002-07-01 00:00:00"
438,1061,3,...,"2001-12-01 00:00:00"
439,1062,3,...,"2001-09-01 00:00:00"
440,956,3,...,"2002-07-01 00:00:00"
441,957,3,...,"2003-08-01 00:00:00"
442,517,3,...,"2001-07-01 00:00:00"
443,518,3,...,"2003-09-01 00:00:00"
444,519,3,...,"2002-08-01 00:00:00"
445,699,3,...,"2003-09-01 00:00:00"
446,739,3,...,"2003-08-01 00:00:00"
447,429,3,...,"2003-08-01 00:00:00"
448,659,3,...,"2003-09-01 00:00:00"
449,803,3,...,"2002-08-01 00:00:00"
450,804,3,...,"2002-08-01 00:00:00"
451,882,3,...,"2003-07-01 00:00:00"
452,883,3,...,"2003-07-01 00:00:00"
453,609,3,...,"2001-09-01 00:00:00"
454,610,3,...,"2003-09-01 00:00:00"
455,1063,3,...,"2003-09-01 00:00:00"
456,1064,3,...,"2002-01-01 00:00:00"
457,1065,3,...,"2002-09-01 00:00:00"
458,958,3,...,"2001-07-01 00:00:00"
459,959,3,...,"2003-10-01 00:00:00"
460,520,3,...,"2001-09-01 00:00:00"
461,521,3,...,"2002-09-01 00:00:00"
462,522,3,...,"2003-02-01 00:00:00"
463,700,3,...,"2003-02-01 00:00:00"
464,740,3,...,"2003-09-01 00:00:00"
465,430,3,...,"2003-09-01 00:00:00"
466,660,3,...,"2003-09-01 00:00:00"
467,805,3,...,"2003-12-01 00:00:00"
468,806,3,...,"2002-08-01 00:00:00"
469,884,3,...,"2001-08-01 00:00:00"
470,885,3,...,"2003-09-01 00:00:00"
471,611,3,...,"2001-08-01 00:00:00"
472,612,3,...,"2002-09-01 00:00:00"
473,28,5,...,"2001-09-01 00:00:00"
473,1066,3,...,"2001-09-01 00:00:00"
474,1067,3,...,"2002-09-01 00:00:00"
475,1068,3,...,"2002-07-01 00:00:00"
476,960,3,...,"2002-08-01 00:00:00"
477,961,3,...,"2003-09-01 00:00:00"
478,523,3,...,"2001-08-01 00:00:00"
479,524,3,...,"2002-08-01 00:00:00"
480,525,3,...,"2001-07-01 00:00:00"
481,701,3,...,"2002-09-01 00:00:00"
482,741,3,...,"2003-07-01 00:00:00"
483,431,3,...,"2003-09-01 00:00:00"
484,661,3,...,"2002-08-01 00:00:00"
485,807,3,...,"2001-07-01 00:00:00"
486,808,3,...,"2001-07-01 00:00:00"
487,886,3,...,"2002-08-01 00:00:00"
488,887,3,...,"2002-09-01 00:00:00"
489,613,3,...,"2002-09-01 00:00:00"
490,614,3,...,"2002-09-01 00:00:00"
491,1069,3,...,"2001-07-01 00:00:00"
492,1070,3,...,"2001-08-01 00:00:00"
493,1071,3,...,"2002-11-01 00:00:00"
494,962,3,...,"2002-07-01 00:00:00"
495,963,3,...,"2001-11-01 00:00:00"
496,526,3,...,"2002-07-01 00:00:00"
497,527,3,...,"2002-09-01 00:00:00"
498,528,3,...,"2001-09-01 00:00:00"
499,702,3,...,"2002-09-01 00:00:00"
500,742,3,...,"2002-09-01 00:00:00"
501,432,3,...,"2004-06-01 00:00:00"
502,662,3,...,"2002-09-01 00:00:00"
503,809,3,...,"2001-09-01 00:00:00"
504,810,3,...,"2001-07-01 00:00:00"
505,888,3,...,"2003-07-01 00:00:00"
506,889,3,...,"2001-07-01 00:00:00"
507,615,3,...,"2001-07-01 00:00:00"
508,616,3,...,"2001-07-01 00:00:00"
509,1072,3,...,"2003-09-01 00:00:00"
510,1073,3,...,"2001-07-01 00:00:00"
511,1074,3,...,"2001-07-01 00:00:00"
512,964,3,...,"2002-08-01 00:00:00"
513,965,3,...,"2002-08-01 00:00:00"
514,529,3,...,"2001-07-01 00:00:00"
515,530,3,...,"2001-07-01 00:00:00"
516,531,3,...,"2002-11-01 00:00:00"
517,703,3,...,"2002-11-01 00:00:00"
518,743,3,...,"2003-12-01 00:00:00"
519,433,3,...,"2003-08-01 00:00:00"
520,663,3,...,"2003-08-01 00:00:00"
521,811,3,...,"2003-08-01 00:00:00"
522,812,3,...,"2003-08-01 00:00:00"
523,1075,3,...,"2002-07-01 00:00:00"
524,966,3,...,"2002-08-01 00:00:00"
525,967,3,...,"2001-12-01 00:00:00"
526,532,3,...,"2001-12-01 00:00:00"
527,1076,3,...,"2001-08-01 00:00:00"
528,1077,3,...,"2001-11-01 00:00:00"
529,1078,3,...,"2002-08-01 00:00:00"
530,968,3,...,"2002-07-01 00:00:00"
531,969,3,...,"2001-11-01 00:00:00"
532,533,3,...,"2001-11-01 00:00:00"
533,534,3,...,"2001-08-01 00:00:00"
534,535,3,...,"2001-11-01 00:00:00"
535,704,3,...,"2002-08-01 00:00:00"
536,744,3,...,"2003-09-01 00:00:00"
537,434,3,...,"2003-09-01 00:00:00"
538,664,3,...,"2002-07-01 00:00:00"
539,813,3,...,"2003-09-01 00:00:00"
540,814,3,...,"2002-08-01 00:00:00"
541,890,3,...,"2001-11-01 00:00:00"
542,891,3,...,"2001-12-01 00:00:00"
543,617,3,...,"2003-06-01 00:00:00"
544,618,3,...,"2002-12-01 00:00:00"
545,1079,3,...,"2001-09-01 00:00:00"
546,1080,3,...,"2002-08-01 00:00:00"
547,1081,3,...,"2002-08-01 00:00:00"
548,970,3,...,"2001-08-01 00:00:00"
549,971,3,...,"2001-07-01 00:00:00"
550,536,3,...,"2002-09-01 00:00:00"
551,537,3,...,"2001-09-01 00:00:00"
552,538,3,...,"2003-08-01 00:00:00"
553,705,3,...,"2003-09-01 00:00:00"
554,745,3,...,"2003-08-01 00:00:00"
555,435,3,...,"2003-09-01 00:00:00"
556,665,3,...,"2003-08-01 00:00:00"
557,815,3,...,"2003-09-01 00:00:00"
558,816,3,...,"2001-08-01 00:00:00"
559,892,3,...,"2001-08-01 00:00:00"
560,893,3,...,"2003-07-01 00:00:00"
561,619,3,...,"2001-12-01 00:00:00"
562,620,3,...,"2001-09-01 00:00:00"
563,1082,3,...,"2003-08-01 00:00:00"
564,1083,3,...,"2003-05-01 00:00:00"
565,1084,3,...,"2003-05-01 00:00:00"
566,972,3,...,"2001-08-01 00:00:00"
567,973,3,...,"2001-09-01 00:00:00"
568,539,3,...,"2001-08-01 00:00:00"
569,540,3,...,"2001-08-01 00:00:00"
570,32,5,...,"2002-08-01 00:00:00"
570,541,3,...,"2002-08-01 00:00:00"
571,706,3,...,"2002-09-01 00:00:00"
572,746,3,...,"2003-07-01 00:00:00"
573,436,3,...,"2003-09-01 00:00:00"
574,666,3,...,"2002-08-01 00:00:00"
575,817,3,...,"2001-09-01 00:00:00"
576,818,3,...,"2001-09-01 00:00:00"
577,894,3,...,"2002-01-01 00:00:00"
578,895,3,...,"2001-07-01 00:00:00"
579,621,3,...,"2001-09-01 00:00:00"
580,622,3,...,"2002-03-01 00:00:00"
581,1085,3,...,"2001-09-01 00:00:00"
582,1086,3,...,"2003-09-01 00:00:00"
583,1087,3,...,"2002-08-01 00:00:00"
584,974,3,...,"2001-08-01 00:00:00"
585,975,3,...,"2001-09-01 00:00:00"
586,542,3,...,"2002-09-01 00:00:00"
587,543,3,...,"2002-09-01 00:00:00"
588,544,3,...,"2001-09-01 00:00:00"
589,707,3,...,"2001-09-01 00:00:00"
590,747,3,...,"2003-07-01 00:00:00"
591,437,3,...,"2003-07-01 00:00:00"
592,667,3,...,"2002-08-01 00:00:00"
593,819,3,...,"2003-11-01 00:00:00"
594,820,3,...,"2002-07-01 00:00:00"
595,896,3,...,"2003-09-01 00:00:00"
596,897,3,...,"2002-08-01 00:00:00"
597,623,3,...,"2003-07-01 00:00:00"
598,624,3,...,"2003-02-01 00:00:00"
599,1088,3,...,"2003-07-01 00:00:00"
600,1089,3,...,"2003-07-01 00:00:00"
601,1090,3,...,"2003-09-01 00:00:00"
602,976,3,...,"2001-09-01 00:00:00"
603,977,3,...,"2001-07-01 00:00:00"
604,898,3,...,"2003-09-01 00:00:00"
605,899,3,...,"2003-08-01 00:00:00"
606,625,3,...,"2003-08-01 00:00:00"
607,626,3,...,"2003-08-01 00:00:00"
608,1091,3,...,"2001-09-01 00:00:00"
609,1092,3,...,"2002-09-01 00:00:00"
610,1093,3,...,"2003-08-01 00:00:00"
611,978,3,...,"2003-09-01 00:00:00"
612,979,3,...,"2001-08-01 00:00:00"
613,545,3,...,"2002-09-01 00:00:00"
614,708,3,...,"2003-08-01 00:00:00"
615,748,3,...,"2003-08-01 00:00:00"
616,438,3,...,"2003-09-01 00:00:00"
617,668,3,...,"2003-08-01 00:00:00"
618,821,3,...,"2001-07-01 00:00:00"
619,822,3,...,"2001-07-01 00:00:00"
620,900,3,...,"2001-07-01 00:00:00"
621,901,3,...,"2003-09-01 00:00:00"
622,627,3,...,"2002-07-01 00:00:00"
623,628,3,...,"2001-08-01 00:00:00"
623,11382,5,...,"2001-08-01 00:00:00"
624,1094,3,...,"2001-09-01 00:00:00"
625,1095,3,...,"2003-02-01 00:00:00"
626,1096,3,...,"2002-10-01 00:00:00"
627,980,3,...,"2003-09-01 00:00:00"
628,981,3,...,"2002-07-01 00:00:00"
629,546,3,...,"2003-08-01 00:00:00"
630,547,3,...,"2003-09-01 00:00:00"
631,548,3,...,"2001-09-01 00:00:00"
632,709,3,...,"2003-08-01 00:00:00"
633,749,3,...,"2003-09-01 00:00:00"
634,439,3,...,"2003-07-01 00:00:00"
635,669,3,...,"2002-12-01 00:00:00"
636,823,3,...,"2002-09-01 00:00:00"
637,549,3,...,"2002-09-01 00:00:00"
638,710,3,...,"2002-08-01 00:00:00"
639,750,3,...,"2003-07-01 00:00:00"
640,440,3,...,"2003-09-01 00:00:00"
641,670,3,...,"2002-07-01 00:00:00"
642,824,3,...,"2002-08-01 00:00:00"
643,825,3,...,"2001-10-01 00:00:00"
644,902,3,...,"2002-09-01 00:00:00"
645,903,3,...,"2002-08-01 00:00:00"
646,629,3,...,"2001-07-01 00:00:00"
647,630,3,...,"2001-09-01 00:00:00"
648,1097,3,...,"2001-09-01 00:00:00"
649,1098,3,...,"2002-09-01 00:00:00"
650,1099,3,...,"2001-08-01 00:00:00"
651,982,3,...,"2002-09-01 00:00:00"
652,983,3,...,"2002-09-01 00:00:00"
653,550,3,...,"2002-08-01 00:00:00"
654,551,3,...,"2002-09-01 00:00:00"
655,552,3,...,"2004-06-01 00:00:00"
656,711,3,...,"2003-08-01 00:00:00"
657,751,3,...,"2003-08-01 00:00:00"
658,441,3,...,"2003-08-01 00:00:00"
659,671,3,...,"2004-02-01 00:00:00"
660,826,3,...,"2002-07-01 00:00:00"
661,553,3,...,"2001-08-01 00:00:00"
662,712,3,...,"2003-08-01 00:00:00"
663,752,3,...,"2003-08-01 00:00:00"
664,442,3,...,"2003-07-01 00:00:00"
665,672,3,...,"2002-09-01 00:00:00"
666,827,3,...,"2002-08-01 00:00:00"
667,828,3,...,"2002-08-01 00:00:00"
668,904,3,...,"2002-07-01 00:00:00"
669,905,3,...,"2002-11-01 00:00:00"
670,631,3,...,"2001-07-01 00:00:00"
671,632,3,...,"2001-07-01 00:00:00"
672,1100,3,...,"2003-09-01 00:00:00"
673,1101,3,...,"2002-10-01 00:00:00"
674,1102,3,...,"2001-12-01 00:00:00"
675,984,3,...,"2001-09-01 00:00:00"
676,985,3,...,"2001-07-01 00:00:00"
677,554,3,...,"2002-08-01 00:00:00"
678,555,3,...,"2001-09-01 00:00:00"
679,556,3,...,"2001-07-01 00:00:00"
680,713,3,...,"2003-08-01 00:00:00"
681,753,3,...,"2003-08-01 00:00:00"
682,443,3,...,"2003-09-01 00:00:00"
683,673,3,...,"2002-08-01 00:00:00"
684,829,3,...,"2001-08-01 00:00:00"
685,557,3,...,"2002-09-01 00:00:00"
686,714,3,...,"2002-08-01 00:00:00"
687,754,3,...,"2003-08-01 00:00:00"
688,444,3,...,"2003-09-01 00:00:00"
689,674,3,...,"2003-09-01 00:00:00"
690,830,3,...,"2002-12-01 00:00:00"
691,831,3,...,"2003-07-01 00:00:00"
692,906,3,...,"2002-09-01 00:00:00"
693,907,3,...,"2003-08-01 00:00:00"
694,633,3,...,"2002-08-01 00:00:00"
695,634,3,...,"2002-09-01 00:00:00"
696,1103,3,...,"2001-11-01 00:00:00"
697,1104,3,...,"2001-08-01 00:00:00"
698,1105,3,...,"2002-07-01 00:00:00"
699,986,3,...,"2004-03-01 00:00:00"
700,987,3,...,"2003-08-01 00:00:00"
701,558,3,...,"2002-12-01 00:00:00"
11000,22601,2,...,"2001-07-22 00:00:00"
11001,14489,2,...,"2001-07-18 00:00:00"
11002,20336,2,...,"2001-07-10 00:00:00"
11003,20425,2,...,"2001-07-01 00:00:00"
11004,20971,2,...,"2001-07-26 00:00:00"
11005,16025,2,...,"2001-07-02 00:00:00"
11006,15264,2,...,"2001-07-27 00:00:00"
11007,12909,2,...,"2001-07-12 00:00:00"
11008,23743,2,...,"2001-07-28 00:00:00"
11009,29335,2,...,"2001-07-30 00:00:00"
11010,15412,2,...,"2001-07-17 00:00:00"
11011,27345,2,...,"2001-07-02 00:00:00"
11012,20731,2,...,"2003-09-17 00:00:00"
11013,22943,2,...,"2003-10-15 00:00:00"
11014,11888,2,...,"2003-09-24 00:00:00"
11015,20027,2,...,"2003-07-22 00:00:00"
11016,12830,2,...,"2003-08-13 00:00:00"
11017,11541,2,...,"2001-07-15 00:00:00"
11018,16433,2,...,"2001-07-20 00:00:00"
11019,14167,2,...,"2003-08-16 00:00:00"
11020,26214,2,...,"2003-07-02 00:00:00"
11021,20556,2,...,"2003-07-27 00:00:00"
11022,15557,2,...,"2003-07-24 00:00:00"
11023,13408,2,...,"2003-08-21 00:00:00"
11024,25929,2,...,"2003-12-29 00:00:00"
11025,21635,2,...,"2001-07-09 00:00:00"
11026,11877,2,...,"2001-07-26 00:00:00"
11027,14561,2,...,"2001-07-19 00:00:00"
11028,24158,2,...,"2001-07-29 00:00:00"
11029,24713,2,...,"2001-07-22 00:00:00"
11030,26358,2,...,"2001-08-08 00:00:00"
11031,22987,2,...,"2001-08-04 00:00:00"
11032,25324,2,...,"2001-08-21 00:00:00"
11033,18528,2,...,"2001-08-18 00:00:00"
11034,18711,2,...,"2001-08-04 00:00:00"
11035,23018,2,...,"2001-08-09 00:00:00"
11036,29645,2,...,"2003-07-26 00:00:00"
11037,20079,2,...,"2003-07-24 00:00:00"
11038,27731,2,...,"2001-08-10 00:00:00"
11039,24751,2,...,"2001-08-10 00:00:00"
11040,24150,2,...,"2003-10-05 00:00:00"
11041,18996,2,...,"2003-07-18 00:00:00"
11042,28166,2,...,"2003-07-25 00:00:00"
11043,14995,2,...,"2003-11-09 00:00:00"
11044,14279,2,...,"2001-08-31 00:00:00"
11045,14260,2,...,"2003-10-12 00:00:00"
11046,28971,2,...,"2001-08-09 00:00:00"
11047,21998,2,...,"2001-08-06 00:00:00"
11048,22583,2,...,"2001-08-13 00:00:00"
11049,17802,2,...,"2003-09-10 00:00:00"
11050,26423,2,...,"2001-08-23 00:00:00"
11051,27743,2,...,"2004-07-01 00:00:00"
11052,24347,2,...,"2001-08-20 00:00:00"
11053,16470,2,...,"2003-07-21 00:00:00"
11054,18844,2,...,"2001-08-06 00:00:00"
11055,18542,2,...,"2001-08-03 00:00:00"
11056,17481,2,...,"2001-08-29 00:00:00"
11057,26048,2,...,"2001-08-25 00:00:00"
11058,24756,2,...,"2001-09-09 00:00:00"
11059,18013,2,...,"2003-08-22 00:00:00"
11060,22612,2,...,"2001-09-19 00:00:00"
11061,27307,2,...,"2001-09-13 00:00:00"
11062,15131,2,...,"2003-07-11 00:00:00"
11063,17874,2,...,"2003-07-16 00:00:00"
11064,24508,2,...,"2003-07-29 00:00:00"
11065,12539,2,...,"2003-08-14 00:00:00"
11066,28761,2,...,"2003-12-02 00:00:00"
11067,25508,2,...,"2004-02-19 00:00:00"
11068,11696,2,...,"2003-11-01 00:00:00"
11069,19064,2,...,"2001-10-18 00:00:00"
11070,22487,2,...,"2001-10-29 00:00:00"
11071,22897,2,...,"2003-09-02 00:00:00"
11072,25368,2,...,"2001-10-01 00:00:00"
11073,29818,2,...,"2003-09-24 00:00:00"
11074,16960,2,...,"2003-09-24 00:00:00"
11075,23337,2,...,"2001-10-29 00:00:00"
11076,13192,2,...,"2001-10-22 00:00:00"
11077,26541,2,...,"2001-10-16 00:00:00"
11078,24109,2,...,"2003-08-19 00:00:00"
11079,29160,2,...,"2003-09-16 00:00:00"
11080,23338,2,...,"2001-10-11 00:00:00"
11081,19428,2,...,"2003-08-16 00:00:00"
11082,16715,2,...,"2003-07-26 00:00:00"
11083,29239,2,...,"2003-07-10 00:00:00"
11084,13316,2,...,"2003-07-08 00:00:00"
11085,21289,2,...,"2004-06-08 00:00:00"
11086,27066,2,...,"2004-01-03 00:00:00"
11087,20941,2,...,"2003-08-29 00:00:00"
11088,26984,2,...,"2003-07-17 00:00:00"
11089,12982,2,...,"2003-07-02 00:00:00"
11090,21916,2,...,"2002-02-07 00:00:00"
11091,13550,2,...,"2003-08-02 00:00:00"
11092,15209,2,...,"2001-10-09 00:00:00"
11093,14862,2,...,"2001-10-08 00:00:00"
11094,12533,2,...,"2003-10-09 00:00:00"
11095,29438,2,...,"2001-10-02 00:00:00"
11096,14149,2,...,"2001-10-12 00:00:00"
11097,22275,2,...,"2001-10-05 00:00:00"
11098,15021,2,...,"2003-08-15 00:00:00"
11099,14266,2,...,"2001-10-08 00:00:00"
11100,15173,2,...,"2001-10-17 00:00:00"
11101,26896,2,...,"2001-10-30 00:00:00"
11102,18921,2,...,"2004-01-17 00:00:00"
11103,17958,2,...,"2001-10-16 00:00:00"
11104,17189,2,...,"2001-11-04 00:00:00"
11105,24502,2,...,"2001-11-14 00:00:00"
11106,14545,2,...,"2001-11-18 00:00:00"
11107,13816,2,...,"2001-11-01 00:00:00"
11108,19596,2,...,"2001-11-03 00:00:00"
11109,20252,2,...,"2001-11-10 00:00:00"
11110,27334,2,...,"2001-11-01 00:00:00"
11111,19708,2,...,"2001-11-20 00:00:00"
11112,29845,2,...,"2001-11-25 00:00:00"
11113,23662,2,...,"2003-08-05 00:00:00"
11114,27607,2,...,"2003-09-19 00:00:00"
11115,13800,2,...,"2003-08-14 00:00:00"
11116,23708,2,...,"2003-09-16 00:00:00"
11117,29632,2,...,"2001-11-06 00:00:00"
11118,13823,2,...,"2004-01-11 00:00:00"
11119,23665,2,...,"2003-08-07 00:00:00"
11120,15108,2,...,"2001-11-14 00:00:00"
11121,28092,2,...,"2003-12-26 00:00:00"
11122,28849,2,...,"2003-08-25 00:00:00"
11123,28276,2,...,"2003-10-19 00:00:00"
11124,20811,2,...,"2001-11-05 00:00:00"
11125,26906,2,...,"2003-08-04 00:00:00"
11126,26191,2,...,"2001-11-28 00:00:00"
11127,18420,2,...,"2003-10-12 00:00:00"
11128,21603,2,...,"2003-12-21 00:00:00"
11129,19598,2,...,"2002-02-06 00:00:00"
11130,15836,2,...,"2004-06-11 00:00:00"
11131,12025,2,...,"2004-04-20 00:00:00"
11132,17543,2,...,"2003-10-11 00:00:00"
11133,16724,2,...,"2004-07-02 00:00:00"
11134,27527,2,...,"2001-11-03 00:00:00"
11135,13659,2,...,"2003-10-20 00:00:00"
11136,28287,2,...,"2003-07-07 00:00:00"
11137,20462,2,...,"2004-02-01 00:00:00"
11138,20690,2,...,"2004-03-22 00:00:00"
11139,23087,2,...,"2004-03-17 00:00:00"
11140,22693,2,...,"2003-09-20 00:00:00"
11141,29031,2,...,"2003-11-17 00:00:00"
11142,22812,2,...,"2003-08-17 00:00:00"
11143,15436,2,...,"2003-12-17 00:00:00"
11144,13303,2,...,"2003-07-29 00:00:00"
11145,28949,2,...,"2003-07-29 00:00:00"
11146,12561,2,...,"2003-08-09 00:00:00"
11147,15498,2,...,"2001-11-13 00:00:00"
11148,20889,2,...,"2003-09-08 00:00:00"
11149,15782,2,...,"2003-12-06 00:00:00"
11150,25928,2,...,"2003-09-28 00:00:00"
11151,23146,2,...,"2001-11-15 00:00:00"
11152,26671,2,...,"2003-07-13 00:00:00"
11153,17444,2,...,"2003-09-30 00:00:00"
11154,20771,2,...,"2003-07-14 00:00:00"
11155,26297,2,...,"2003-07-10 00:00:00"
11156,18601,2,...,"2003-07-12 00:00:00"
11157,22108,2,...,"2004-01-25 00:00:00"
11158,26117,2,...,"2003-07-23 00:00:00"
11159,28350,2,...,"2004-03-11 00:00:00"
11160,18103,2,...,"2003-08-25 00:00:00"
11161,22055,2,...,"2003-12-03 00:00:00"
11162,23862,2,...,"2003-08-22 00:00:00"
11163,14907,2,...,"2003-11-02 00:00:00"
11164,23221,2,...,"2003-10-29 00:00:00"
11165,16288,2,...,"2003-11-26 00:00:00"
11166,21511,2,...,"2004-04-16 00:00:00"
11167,28945,2,...,"2003-07-11 00:00:00"
11168,27230,2,...,"2003-07-19 00:00:00"
11169,23783,2,...,"2003-11-27 00:00:00"
11170,12189,2,...,"2004-02-27 00:00:00"
11171,25707,2,...,"2002-02-20 00:00:00"
11172,19341,2,...,"2003-11-04 00:00:00"
11173,21544,2,...,"2003-09-03 00:00:00"
11174,28103,2,...,"2004-01-14 00:00:00"
11175,14503,2,...,"2002-02-28 00:00:00"
11176,25073,2,...,"2003-08-06 00:00:00"
11177,14686,2,...,"2003-09-30 00:00:00"
11178,26782,2,...,"2003-08-25 00:00:00"
11179,25251,2,...,"2003-09-13 00:00:00"
11180,29670,2,...,"2003-09-18 00:00:00"
11181,13970,2,...,"2003-11-08 00:00:00"
11182,12110,2,...,"2004-02-29 00:00:00"
11183,20492,2,...,"2003-11-01 00:00:00"
11184,27871,2,...,"2004-02-11 00:00:00"
11185,21639,2,...,"2003-08-25 00:00:00"
11186,21678,2,...,"2004-04-20 00:00:00"
11187,29563,2,...,"2003-10-05 00:00:00"
11188,18055,2,...,"2004-05-04 00:00:00"
11189,23529,2,...,"2002-02-26 00:00:00"
11190,22335,2,...,"2004-02-29 00:00:00"
11191,19784,2,...,"2002-02-11 00:00:00"
11192,26685,2,...,"2003-12-25 00:00:00"
11193,23589,2,...,"2003-08-29 00:00:00"
11194,16770,2,...,"2003-09-14 00:00:00"
11195,28231,2,...,"2003-10-16 00:00:00"
11196,11820,2,...,"2003-09-04 00:00:00"
11197,18053,2,...,"2003-11-03 00:00:00"
11198,17100,2,...,"2003-08-09 00:00:00"
11199,16772,2,...,"2003-09-19 00:00:00"
11200,14444,2,...,"2003-08-11 00:00:00"
11201,12077,2,...,"2004-01-02 00:00:00"
11202,16127,2,...,"2004-03-18 00:00:00"
11203,14498,2,...,"2003-08-24 00:00:00"
11204,29120,2,...,"2004-02-10 00:00:00"
11205,27115,2,...,"2004-01-28 00:00:00"
11206,22674,2,...,"2003-11-12 00:00:00"
11207,17565,2,...,"2003-08-04 00:00:00"
11208,12251,2,...,"2003-09-05 00:00:00"
11209,18371,2,...,"2003-09-26 00:00:00"
11210,22698,2,...,"2003-11-07 00:00:00"
11211,21619,2,...,"2003-08-05 00:00:00"
11212,18754,2,...,"2003-08-03 00:00:00"
11213,12097,2,...,"2003-09-29 00:00:00"
11214,13882,2,...,"2004-02-15 00:00:00"
11215,16480,2,...,"2003-08-19 00:00:00"
11216,28921,2,...,"2002-02-15 00:00:00"
11217,19321,2,...,"2002-02-10 00:00:00"
11218,20818,2,...,"2003-09-01 00:00:00"
11219,24605,2,...,"2004-05-01 00:00:00"
11220,11497,2,...,"2003-09-15 00:00:00"
11221,14976,2,...,"2003-10-09 00:00:00"
11222,11793,2,...,"2004-05-04 00:00:00"
11223,12222,2,...,"2003-08-02 00:00:00"
11224,11676,2,...,"2002-02-07 00:00:00"
11225,21420,2,...,"2003-12-24 00:00:00"
11226,11893,2,...,"2003-08-25 00:00:00"
11227,20657,2,...,"2002-02-03 00:00:00"
11228,21482,2,...,"2004-04-27 00:00:00"
11229,24917,2,...,"2004-01-28 00:00:00"
11230,18665,2,...,"2004-01-17 00:00:00"
11231,26972,2,...,"2003-08-14 00:00:00"
11232,12235,2,...,"2004-03-23 00:00:00"
11233,27281,2,...,"2003-08-12 00:00:00"
11234,12715,2,...,"2003-08-12 00:00:00"
11235,24878,2,...,"2004-01-05 00:00:00"
11236,22591,2,...,"2004-04-05 00:00:00"
11237,16552,2,...,"2002-03-08 00:00:00"
11238,12420,2,...,"2001-07-09 00:00:00"
11239,25489,2,...,"2001-07-22 00:00:00"
11240,23429,2,...,"2001-08-30 00:00:00"
11241,11456,2,...,"2003-03-14 00:00:00"
11242,27513,2,...,"2003-03-23 00:00:00"
11243,22782,2,...,"2001-08-24 00:00:00"
11244,21821,2,...,"2001-08-15 00:00:00"
11245,24678,2,...,"2002-03-29 00:00:00"
11246,15197,2,...,"2002-04-05 00:00:00"
11247,14898,2,...,"2001-08-21 00:00:00"
11248,21957,2,...,"2004-01-15 00:00:00"
11249,16326,2,...,"2002-04-11 00:00:00"
11250,11546,2,...,"2001-09-17 00:00:00"
11251,22481,2,...,"2004-04-20 00:00:00"
11252,28097,2,...,"2002-02-14 00:00:00"
11253,26098,2,...,"2003-09-02 00:00:00"
11254,24963,2,...,"2004-05-26 00:00:00"
11255,22506,2,...,"2003-08-27 00:00:00"
11256,19531,2,...,"2003-10-17 00:00:00"
11257,16785,2,...,"2002-02-24 00:00:00"
11258,13457,2,...,"2003-11-22 00:00:00"
11259,28469,2,...,"2002-03-07 00:00:00"
11260,17013,2,...,"2003-08-09 00:00:00"
11261,18451,2,...,"2002-03-30 00:00:00"
11262,29638,2,...,"2003-08-31 00:00:00"
11263,17526,2,...,"2002-03-01 00:00:00"
11264,14057,2,...,"2003-07-06 00:00:00"
11265,20975,2,...,"2003-07-07 00:00:00"
11266,12589,2,...,"2002-03-13 00:00:00"
11267,15714,2,...,"2002-03-20 00:00:00"
11268,19028,2,...,"2003-11-30 00:00:00"
11269,15600,2,...,"2004-02-23 00:00:00"
11270,26418,2,...,"2002-03-13 00:00:00"
11271,18173,2,...,"2002-03-30 00:00:00"
11272,20720,2,...,"2002-03-22 00:00:00"
11273,15017,2,...,"2003-11-15 00:00:00"
11274,14790,2,...,"2002-03-01 00:00:00"
11275,20583,2,...,"2002-03-02 00:00:00"
11276,24521,2,...,"2003-08-02 00:00:00"
11277,13890,2,...,"2003-08-06 00:00:00"
11278,25147,2,...,"2002-03-19 00:00:00"
11279,238,5,...,"2003-09-04 00:00:00"
11279,12018,2,...,"2003-09-04 00:00:00"
11280,24821,2,...,"2004-01-02 00:00:00"
11281,28225,2,...,"2002-03-16 00:00:00"
11282,27221,2,...,"2002-03-03 00:00:00"
11283,19475,2,...,"2003-11-30 00:00:00"
11284,22984,2,...,"2003-08-10 00:00:00"
11285,13025,2,...,"2004-01-28 00:00:00"
11286,15102,2,...,"2002-03-24 00:00:00"
