SalesOrderID,SalesOrderDetailID,CarrierTrackingNumber,OrderQty,ProductID,SpecialOfferID,UnitPrice,UnitPriceDiscount,LineTotal,rowguid,ModifiedDate
43659,1,4911-403C-98,1,776,1,2024.994,0,2024.994,...,"2001-07-01 00:00:00"
43659,2,4911-403C-98,3,777,1,2024.994,0,6074.982,...,"2001-07-01 00:00:00"
43659,3,4911-403C-98,1,778,1,2024.994,0,2024.994,...,"2001-07-01 00:00:00"
43659,4,4911-403C-98,1,771,1,2039.994,0,2039.994,...,"2001-07-01 00:00:00"
43659,5,4911-403C-98,1,772,1,2039.994,0,2039.994,...,"2001-07-01 00:00:00"
43659,6,4911-403C-98,2,773,1,2039.994,0,4079.988,...,"2001-07-01 00:00:00"
43659,7,4911-403C-98,1,774,1,2039.994,0,2039.994,...,"2001-07-01 00:00:00"
43659,8,4911-403C-98,3,714,1,28.8404,0,86.5212,...,"2001-07-01 00:00:00"
43659,9,4911-403C-98,1,716,1,28.8404,0,28.8404,...,"2001-07-01 00:00:00"
43659,10,4911-403C-98,6,709,1,5.7,0,34.2,...,"2001-07-01 00:00:00"
43659,11,4911-403C-98,2,712,1,5.1865,0,10.373,...,"2001-07-01 00:00:00"
43659,12,4911-403C-98,4,711,1,20.1865,0,80.746,...,"2001-07-01 00:00:00"
43660,13,6431-4D57-83,1,762,1,419.4589,0,419.4589,...,"2001-07-01 00:00:00"
43660,14,6431-4D57-83,1,758,1,874.794,0,874.794,...,"2001-07-01 00:00:00"
43661,15,4E0A-4F89-AE,1,745,1,809.76,0,809.76,...,"2001-07-01 00:00:00"
43661,16,4E0A-4F89-AE,1,743,1,714.7043,0,714.7043,...,"2001-07-01 00:00:00"
43661,17,4E0A-4F89-AE,2,747,1,714.7043,0,1429.4086,...,"2001-07-01 00:00:00"
43661,18,4E0A-4F89-AE,4,712,1,5.1865,0,20.746,...,"2001-07-01 00:00:00"
43661,19,4E0A-4F89-AE,4,715,1,28.8404,0,115.3616,...,"2001-07-01 00:00:00"
43661,20,4E0A-4F89-AE,2,742,1,722.5949,0,1445.1898,...,"2001-07-01 00:00:00"
43661,21,4E0A-4F89-AE,3,775,1,2024.994,0,6074.982,...,"2001-07-01 00:00:00"
43661,22,4E0A-4F89-AE,2,778,1,2024.994,0,4049.988,...,"2001-07-01 00:00:00"
43661,23,4E0A-4F89-AE,2,711,1,20.1865,0,40.373,...,"2001-07-01 00:00:00"
43661,24,4E0A-4F89-AE,2,741,1,818.7,0,1637.4,...,"2001-07-01 00:00:00"
43661,25,4E0A-4F89-AE,4,776,1,2024.994,0,8099.976,...,"2001-07-01 00:00:00"
43661,26,4E0A-4F89-AE,2,773,1,2039.994,0,4079.988,...,"2001-07-01 00:00:00"
43661,27,4E0A-4F89-AE,2,716,1,28.8404,0,57.6808,...,"2001-07-01 00:00:00"
43661,28,4E0A-4F89-AE,2,777,1,2024.994,0,4049.988,...,"2001-07-01 00:00:00"
43661,29,4E0A-4F89-AE,5,708,1,20.1865,0,100.9325,...,"2001-07-01 00:00:00"
43662,30,2E53-4802-85,3,764,1,419.4589,0,1258.3767,...,"2001-07-01 00:00:00"
43662,31,2E53-4802-85,5,770,1,419.4589,0,2097.2945,...,"2001-07-01 00:00:00"
43662,32,2E53-4802-85,2,730,1,183.9382,0,367.8764,...,"2001-07-01 00:00:00"
43662,33,2E53-4802-85,4,754,1,874.794,0,3499.176,...,"2001-07-01 00:00:00"
43662,34,2E53-4802-85,3,725,1,183.9382,0,551.8146,...,"2001-07-01 00:00:00"
43662,35,2E53-4802-85,5,762,1,419.4589,0,2097.2945,...,"2001-07-01 00:00:00"
43662,36,2E53-4802-85,3,765,1,419.4589,0,1258.3767,...,"2001-07-01 00:00:00"
43662,37,2E53-4802-85,2,768,1,419.4589,0,838.9178,...,"2001-07-01 00:00:00"
43662,38,2E53-4802-85,1,753,1,2146.962,0,2146.962,...,"2001-07-01 00:00:00"
43662,39,2E53-4802-85,1,756,1,874.794,0,874.794,...,"2001-07-01 00:00:00"
43662,40,2E53-4802-85,3,763,1,419.4589,0,1258.3767,...,"2001-07-01 00:00:00"
43662,41,2E53-4802-85,1,732,1,356.898,0,356.898,...,"2001-07-01 00:00:00"
43662,42,2E53-4802-85,6,758,1,874.794,0,5248.764,...,"2001-07-01 00:00:00"
43662,43,2E53-4802-85,1,729,1,183.9382,0,183.9382,...,"2001-07-01 00:00:00"
43662,44,2E53-4802-85,3,722,1,178.5808,0,535.7424,...,"2001-07-01 00:00:00"
43662,45,2E53-4802-85,1,749,1,2146.962,0,2146.962,...,"2001-07-01 00:00:00"
43662,46,2E53-4802-85,3,760,1,419.4589,0,1258.3767,...,"2001-07-01 00:00:00"
43662,47,2E53-4802-85,1,726,1,183.9382,0,183.9382,...,"2001-07-01 00:00:00"
43662,48,2E53-4802-85,1,733,1,356.898,0,356.898,...,"2001-07-01 00:00:00"
43662,49,2E53-4802-85,1,738,1,178.5808,0,178.5808,...,"2001-07-01 00:00:00"
43662,50,2E53-4802-85,3,766,1,419.4589,0,1258.3767,...,"2001-07-01 00:00:00"
43662,51,2E53-4802-85,1,755,1,874.794,0,874.794,...,"2001-07-01 00:00:00"
43663,52,1E90-4FBF-B6,1,760,1,419.4589,0,419.4589,...,"2001-07-01 00:00:00"
43664,53,2F44-4BA1-BB,1,772,1,2039.994,0,2039.994,...,"2001-07-01 00:00:00"
43664,54,2F44-4BA1-BB,4,775,1,2024.994,0,8099.976,...,"2001-07-01 00:00:00"
43664,55,2F44-4BA1-BB,1,714,1,28.8404,0,28.8404,...,"2001-07-01 00:00:00"
43664,56,2F44-4BA1-BB,1,716,1,28.8404,0,28.8404,...,"2001-07-01 00:00:00"
43664,57,2F44-4BA1-BB,2,777,1,2024.994,0,4049.988,...,"2001-07-01 00:00:00"
43664,58,2F44-4BA1-BB,3,771,1,2039.994,0,6119.982,...,"2001-07-01 00:00:00"
43664,59,2F44-4BA1-BB,1,773,1,2039.994,0,2039.994,...,"2001-07-01 00:00:00"
43664,60,2F44-4BA1-BB,1,778,1,2024.994,0,2024.994,...,"2001-07-01 00:00:00"
43665,61,19F0-4638-8E,2,711,1,20.1865,0,40.373,...,"2001-07-01 00:00:00"
43665,62,19F0-4638-8E,1,773,1,2039.994,0,2039.994,...,"2001-07-01 00:00:00"
43665,63,19F0-4638-8E,1,707,1,20.1865,0,20.1865,...,"2001-07-01 00:00:00"
43665,64,19F0-4638-8E,2,715,1,28.8404,0,57.6808,...,"2001-07-01 00:00:00"
43665,65,19F0-4638-8E,2,777,1,2024.994,0,4049.988,...,"2001-07-01 00:00:00"
43665,66,19F0-4638-8E,2,712,1,5.1865,0,10.373,...,"2001-07-01 00:00:00"
43665,67,19F0-4638-8E,2,775,1,2024.994,0,4049.988,...,"2001-07-01 00:00:00"
43665,68,19F0-4638-8E,1,778,1,2024.994,0,2024.994,...,"2001-07-01 00:00:00"
43665,69,19F0-4638-8E,6,709,1,5.7,0,34.2,...,"2001-07-01 00:00:00"
43665,70,19F0-4638-8E,1,776,1,2024.994,0,2024.994,...,"2001-07-01 00:00:00"
43666,71,D46A-40CA-8D,1,764,1,419.4589,0,419.4589,...,"2001-07-01 00:00:00"
43666,72,D46A-40CA-8D,1,753,1,2146.962,0,2146.962,...,"2001-07-01 00:00:00"
43666,73,D46A-40CA-8D,1,732,1,356.898,0,356.898,...,"2001-07-01 00:00:00"
43666,74,D46A-40CA-8D,1,756,1,874.794,0,874.794,...,"2001-07-01 00:00:00"
43666,75,D46A-40CA-8D,2,768,1,419.4589,0,838.9178,...,"2001-07-01 00:00:00"
43666,76,D46A-40CA-8D,1,766,1,419.4589,0,419.4589,...,"2001-07-01 00:00:00"
43667,77,4DFB-4B10-A6,3,710,1,5.7,0,17.1,...,"2001-07-01 00:00:00"
43667,78,4DFB-4B10-A6,1,773,1,2039.994,0,2039.994,...,"2001-07-01 00:00:00"
43667,79,4DFB-4B10-A6,1,778,1,2024.994,0,2024.994,...,"2001-07-01 00:00:00"
43667,80,4DFB-4B10-A6,1,775,1,2024.994,0,2024.994,...,"2001-07-01 00:00:00"
43668,81,365D-4C9A-BE,3,756,1,874.794,0,2624.382,...,"2001-07-01 00:00:00"
43668,82,365D-4C9A-BE,2,753,1,2146.962,0,4293.924,...,"2001-07-01 00:00:00"
43668,83,365D-4C9A-BE,7,760,1,419.4589,0,2936.2123,...,"2001-07-01 00:00:00"
43668,84,365D-4C9A-BE,6,765,1,419.4589,0,2516.7534,...,"2001-07-01 00:00:00"
43668,85,365D-4C9A-BE,6,715,1,28.8404,0,173.0424,...,"2001-07-01 00:00:00"
43668,86,365D-4C9A-BE,6,730,1,183.9382,0,1103.6292,...,"2001-07-01 00:00:00"
43668,87,365D-4C9A-BE,2,707,1,20.1865,0,40.373,...,"2001-07-01 00:00:00"
43668,88,365D-4C9A-BE,2,711,1,20.1865,0,40.373,...,"2001-07-01 00:00:00"
43668,89,365D-4C9A-BE,2,754,1,874.794,0,1749.588,...,"2001-07-01 00:00:00"
43668,90,365D-4C9A-BE,4,712,1,5.1865,0,20.746,...,"2001-07-01 00:00:00"
43668,91,365D-4C9A-BE,2,729,1,183.9382,0,367.8764,...,"2001-07-01 00:00:00"
43668,92,365D-4C9A-BE,3,755,1,874.794,0,2624.382,...,"2001-07-01 00:00:00"
43668,93,365D-4C9A-BE,3,761,1,419.4589,0,1258.3767,...,"2001-07-01 00:00:00"
43668,94,365D-4C9A-BE,2,770,1,419.4589,0,838.9178,...,"2001-07-01 00:00:00"
43668,95,365D-4C9A-BE,3,726,1,183.9382,0,551.8146,...,"2001-07-01 00:00:00"
43668,96,365D-4C9A-BE,2,764,1,419.4589,0,838.9178,...,"2001-07-01 00:00:00"
43668,97,365D-4C9A-BE,2,766,1,419.4589,0,838.9178,...,"2001-07-01 00:00:00"
43668,98,365D-4C9A-BE,2,725,1,183.9382,0,367.8764,...,"2001-07-01 00:00:00"
43668,99,365D-4C9A-BE,1,716,1,28.8404,0,28.8404,...,"2001-07-01 00:00:00"
43668,100,365D-4C9A-BE,2,768,1,419.4589,0,838.9178,...,"2001-07-01 00:00:00"
43668,101,365D-4C9A-BE,4,732,1,356.898,0,1427.592,...,"2001-07-01 00:00:00"
43668,102,365D-4C9A-BE,6,758,1,874.794,0,5248.764,...,"2001-07-01 00:00:00"
43668,103,365D-4C9A-BE,4,762,1,419.4589,0,1677.8356,...,"2001-07-01 00:00:00"
43668,104,365D-4C9A-BE,3,738,1,178.5808,0,535.7424,...,"2001-07-01 00:00:00"
43668,105,365D-4C9A-BE,4,714,1,28.8404,0,115.3616,...,"2001-07-01 00:00:00"
43668,106,365D-4C9A-BE,3,722,1,178.5808,0,535.7424,...,"2001-07-01 00:00:00"
43668,107,365D-4C9A-BE,1,708,1,20.1865,0,20.1865,...,"2001-07-01 00:00:00"
43668,108,365D-4C9A-BE,3,733,1,356.898,0,1070.694,...,"2001-07-01 00:00:00"
43668,109,365D-4C9A-BE,3,763,1,419.4589,0,1258.3767,...,"2001-07-01 00:00:00"
43669,110,B65C-4867-86,1,747,1,714.7043,0,714.7043,...,"2001-07-01 00:00:00"
43670,111,F101-4649-85,1,710,1,5.7,0,5.7,...,"2001-07-01 00:00:00"
43670,112,F101-4649-85,2,709,1,5.7,0,11.4,...,"2001-07-01 00:00:00"
43670,113,F101-4649-85,2,773,1,2039.994,0,4079.988,...,"2001-07-01 00:00:00"
43670,114,F101-4649-85,1,776,1,2024.994,0,2024.994,...,"2001-07-01 00:00:00"
43671,115,DFD9-41B7-94,1,753,1,2146.962,0,2146.962,...,"2001-07-01 00:00:00"
43671,116,DFD9-41B7-94,2,714,1,28.8404,0,57.6808,...,"2001-07-01 00:00:00"
43671,117,DFD9-41B7-94,1,756,1,874.794,0,874.794,...,"2001-07-01 00:00:00"
43671,118,DFD9-41B7-94,2,768,1,419.4589,0,838.9178,...,"2001-07-01 00:00:00"
43671,119,DFD9-41B7-94,2,732,1,356.898,0,713.796,...,"2001-07-01 00:00:00"
43671,120,DFD9-41B7-94,2,763,1,419.4589,0,838.9178,...,"2001-07-01 00:00:00"
43671,121,DFD9-41B7-94,2,755,1,874.794,0,1749.588,...,"2001-07-01 00:00:00"
43671,122,DFD9-41B7-94,2,764,1,419.4589,0,838.9178,...,"2001-07-01 00:00:00"
43671,123,DFD9-41B7-94,1,716,1,28.8404,0,28.8404,...,"2001-07-01 00:00:00"
43671,124,DFD9-41B7-94,1,711,1,20.1865,0,20.1865,...,"2001-07-01 00:00:00"
43671,125,DFD9-41B7-94,1,708,1,20.1865,0,20.1865,...,"2001-07-01 00:00:00"
43672,126,F4B5-48D0-BA,6,709,1,5.7,0,34.2,...,"2001-07-01 00:00:00"
43672,127,F4B5-48D0-BA,2,776,1,2024.994,0,4049.988,...,"2001-07-01 00:00:00"
43672,128,F4B5-48D0-BA,1,774,1,2039.994,0,2039.994,...,"2001-07-01 00:00:00"
43673,129,260F-4DCF-A1,1,754,1,874.794,0,874.794,...,"2001-07-01 00:00:00"
43673,130,260F-4DCF-A1,3,715,1,28.8404,0,86.5212,...,"2001-07-01 00:00:00"
43673,131,260F-4DCF-A1,1,729,1,183.9382,0,183.9382,...,"2001-07-01 00:00:00"
43673,132,260F-4DCF-A1,2,761,1,419.4589,0,838.9178,...,"2001-07-01 00:00:00"
43673,133,260F-4DCF-A1,1,762,1,419.4589,0,419.4589,...,"2001-07-01 00:00:00"
43673,134,260F-4DCF-A1,2,738,1,178.5808,0,357.1616,...,"2001-07-01 00:00:00"
43673,135,260F-4DCF-A1,2,770,1,419.4589,0,838.9178,...,"2001-07-01 00:00:00"
43673,136,260F-4DCF-A1,1,712,1,5.1865,0,5.1865,...,"2001-07-01 00:00:00"
43673,137,260F-4DCF-A1,2,708,1,20.1865,0,40.373,...,"2001-07-01 00:00:00"
43673,138,260F-4DCF-A1,1,711,1,20.1865,0,20.1865,...,"2001-07-01 00:00:00"
43673,139,260F-4DCF-A1,4,707,1,20.1865,0,80.746,...,"2001-07-01 00:00:00"
43674,140,4C12-4FF9-80,3,758,1,874.794,0,2624.382,...,"2001-07-01 00:00:00"
43675,141,5069-4470-BE,4,761,1,419.4589,0,1677.8356,...,"2001-07-01 00:00:00"
43675,142,5069-4470-BE,5,711,1,20.1865,0,100.9325,...,"2001-07-01 00:00:00"
43675,143,5069-4470-BE,2,738,1,178.5808,0,357.1616,...,"2001-07-01 00:00:00"
43675,144,5069-4470-BE,1,708,1,20.1865,0,20.1865,...,"2001-07-01 00:00:00"
43675,145,5069-4470-BE,2,762,1,419.4589,0,838.9178,...,"2001-07-01 00:00:00"
43675,146,5069-4470-BE,2,758,1,874.794,0,1749.588,...,"2001-07-01 00:00:00"
43675,147,5069-4470-BE,2,712,1,5.1865,0,10.373,...,"2001-07-01 00:00:00"
43675,148,5069-4470-BE,1,754,1,874.794,0,874.794,...,"2001-07-01 00:00:00"
43675,149,5069-4470-BE,3,715,1,28.8404,0,86.5212,...,"2001-07-01 00:00:00"
43676,150,11BA-4D19-B7,2,776,1,2024.994,0,4049.988,...,"2001-07-01 00:00:00"
43676,151,11BA-4D19-B7,2,778,1,2024.994,0,4049.988,...,"2001-07-01 00:00:00"
43676,152,11BA-4D19-B7,1,710,1,5.7,0,5.7,...,"2001-07-01 00:00:00"
43676,153,11BA-4D19-B7,3,775,1,2024.994,0,6074.982,...,"2001-07-01 00:00:00"
43676,154,11BA-4D19-B7,4,709,1,5.7,0,22.8,...,"2001-07-01 00:00:00"
43677,155,8E3A-4564-99,3,715,1,28.8404,0,86.5212,...,"2001-07-01 00:00:00"
43677,156,8E3A-4564-99,1,753,1,2146.962,0,2146.962,...,"2001-07-01 00:00:00"
43677,157,8E3A-4564-99,1,758,1,874.794,0,874.794,...,"2001-07-01 00:00:00"
43677,158,8E3A-4564-99,1,770,1,419.4589,0,419.4589,...,"2001-07-01 00:00:00"
43677,159,8E3A-4564-99,2,708,1,20.1865,0,40.373,...,"2001-07-01 00:00:00"
43677,160,8E3A-4564-99,4,760,1,419.4589,0,1677.8356,...,"2001-07-01 00:00:00"
43677,161,8E3A-4564-99,2,765,1,419.4589,0,838.9178,...,"2001-07-01 00:00:00"
43677,162,8E3A-4564-99,1,763,1,419.4589,0,419.4589,...,"2001-07-01 00:00:00"
43677,163,8E3A-4564-99,5,712,1,5.1865,0,25.9325,...,"2001-07-01 00:00:00"
43677,164,8E3A-4564-99,1,707,1,20.1865,0,20.1865,...,"2001-07-01 00:00:00"
43677,165,8E3A-4564-99,1,754,1,874.794,0,874.794,...,"2001-07-01 00:00:00"
43677,166,8E3A-4564-99,2,729,1,183.9382,0,367.8764,...,"2001-07-01 00:00:00"
43678,167,FBD8-4CE4-8B,1,760,1,419.4589,0,419.4589,...,"2001-07-01 00:00:00"
43678,168,FBD8-4CE4-8B,2,738,1,178.5808,0,357.1616,...,"2001-07-01 00:00:00"
43678,169,FBD8-4CE4-8B,1,765,1,419.4589,0,419.4589,...,"2001-07-01 00:00:00"
43678,170,FBD8-4CE4-8B,2,732,1,356.898,0,713.796,...,"2001-07-01 00:00:00"
43678,171,FBD8-4CE4-8B,3,762,1,419.4589,0,1258.3767,...,"2001-07-01 00:00:00"
43678,172,FBD8-4CE4-8B,2,761,1,419.4589,0,838.9178,...,"2001-07-01 00:00:00"
43678,173,FBD8-4CE4-8B,3,712,1,5.1865,0,15.5595,...,"2001-07-01 00:00:00"
43678,174,FBD8-4CE4-8B,4,708,1,20.1865,0,80.746,...,"2001-07-01 00:00:00"
43678,175,FBD8-4CE4-8B,2,729,1,183.9382,0,367.8764,...,"2001-07-01 00:00:00"
43678,176,FBD8-4CE4-8B,1,756,1,874.794,0,874.794,...,"2001-07-01 00:00:00"
43678,177,FBD8-4CE4-8B,2,725,1,183.9382,0,367.8764,...,"2001-07-01 00:00:00"
43678,178,FBD8-4CE4-8B,1,716,1,28.8404,0,28.8404,...,"2001-07-01 00:00:00"
43678,179,FBD8-4CE4-8B,1,770,1,419.4589,0,419.4589,...,"2001-07-01 00:00:00"
43678,180,FBD8-4CE4-8B,2,758,1,874.794,0,1749.588,...,"2001-07-01 00:00:00"
43678,181,FBD8-4CE4-8B,2,715,1,28.8404,0,57.6808,...,"2001-07-01 00:00:00"
43678,182,FBD8-4CE4-8B,1,754,1,874.794,0,874.794,...,"2001-07-01 00:00:00"
43678,183,FBD8-4CE4-8B,1,755,1,874.794,0,874.794,...,"2001-07-01 00:00:00"
43678,184,FBD8-4CE4-8B,3,711,1,20.1865,0,60.5595,...,"2001-07-01 00:00:00"
43678,185,FBD8-4CE4-8B,1,707,1,20.1865,0,20.1865,...,"2001-07-01 00:00:00"
43679,186,918F-49F3-AD,1,760,1,419.4589,0,419.4589,...,"2001-07-01 00:00:00"
43679,187,918F-49F3-AD,2,770,1,419.4589,0,838.9178,...,"2001-07-01 00:00:00"
43679,188,918F-49F3-AD,2,715,1,28.8404,0,57.6808,...,"2001-07-01 00:00:00"
43680,189,FF1F-4DD0-98,3,760,1,419.4589,0,1258.3767,...,"2001-07-01 00:00:00"
43680,190,FF1F-4DD0-98,2,756,1,874.794,0,1749.588,...,"2001-07-01 00:00:00"
43680,191,FF1F-4DD0-98,2,738,1,178.5808,0,357.1616,...,"2001-07-01 00:00:00"
43680,192,FF1F-4DD0-98,4,707,1,20.1865,0,80.746,...,"2001-07-01 00:00:00"
43680,193,FF1F-4DD0-98,1,729,1,183.9382,0,183.9382,...,"2001-07-01 00:00:00"
43680,194,FF1F-4DD0-98,1,711,1,20.1865,0,20.1865,...,"2001-07-01 00:00:00"
43680,195,FF1F-4DD0-98,2,715,1,28.8404,0,57.6808,...,"2001-07-01 00:00:00"
43680,196,FF1F-4DD0-98,2,725,1,183.9382,0,367.8764,...,"2001-07-01 00:00:00"
43680,197,FF1F-4DD0-98,1,758,1,874.794,0,874.794,...,"2001-07-01 00:00:00"
43680,198,FF1F-4DD0-98,1,761,1,419.4589,0,419.4589,...,"2001-07-01 00:00:00"
43680,199,FF1F-4DD0-98,2,753,1,2146.962,0,4293.924,...,"2001-07-01 00:00:00"
43680,200,FF1F-4DD0-98,2,708,1,20.1865,0,40.373,...,"2001-07-01 00:00:00"
43680,201,FF1F-4DD0-98,3,765,1,419.4589,0,1258.3767,...,"2001-07-01 00:00:00"
43680,202,FF1F-4DD0-98,3,712,1,5.1865,0,15.5595,...,"2001-07-01 00:00:00"
43680,203,FF1F-4DD0-98,1,763,1,419.4589,0,419.4589,...,"2001-07-01 00:00:00"
43681,204,6D51-449D-B3,6,715,1,28.8404,0,173.0424,...,"2001-07-01 00:00:00"
43681,205,6D51-449D-B3,5,762,1,419.4589,0,2097.2945,...,"2001-07-01 00:00:00"
43681,206,6D51-449D-B3,1,732,1,356.898,0,356.898,...,"2001-07-01 00:00:00"
43681,207,6D51-449D-B3,1,707,1,20.1865,0,20.1865,...,"2001-07-01 00:00:00"
43681,208,6D51-449D-B3,1,729,1,183.9382,0,183.9382,...,"2001-07-01 00:00:00"
43681,209,6D51-449D-B3,2,708,1,20.1865,0,40.373,...,"2001-07-01 00:00:00"
43681,210,6D51-449D-B3,3,770,1,419.4589,0,1258.3767,...,"2001-07-01 00:00:00"
43681,211,6D51-449D-B3,2,730,1,183.9382,0,367.8764,...,"2001-07-01 00:00:00"
43681,212,6D51-449D-B3,3,758,1,874.794,0,2624.382,...,"2001-07-01 00:00:00"
43681,213,6D51-449D-B3,1,768,1,419.4589,0,419.4589,...,"2001-07-01 00:00:00"
43681,214,6D51-449D-B3,2,761,1,419.4589,0,838.9178,...,"2001-07-01 00:00:00"
43681,215,6D51-449D-B3,2,738,1,178.5808,0,357.1616,...,"2001-07-01 00:00:00"
43681,216,6D51-449D-B3,1,753,1,2146.962,0,2146.962,...,"2001-07-01 00:00:00"
43681,217,6D51-449D-B3,2,714,1,28.8404,0,57.6808,...,"2001-07-01 00:00:00"
43681,218,6D51-449D-B3,2,764,1,419.4589,0,838.9178,...,"2001-07-01 00:00:00"
43681,219,6D51-449D-B3,2,760,1,419.4589,0,838.9178,...,"2001-07-01 00:00:00"
43681,220,6D51-449D-B3,1,756,1,874.794,0,874.794,...,"2001-07-01 00:00:00"
43681,221,6D51-449D-B3,2,716,1,28.8404,0,57.6808,...,"2001-07-01 00:00:00"
43681,222,6D51-449D-B3,2,711,1,20.1865,0,40.373,...,"2001-07-01 00:00:00"
43681,223,6D51-449D-B3,1,725,1,183.9382,0,183.9382,...,"2001-07-01 00:00:00"
43681,224,6D51-449D-B3,2,712,1,5.1865,0,10.373,...,"2001-07-01 00:00:00"
43682,225,ECD4-43A8-A8,2,758,1,874.794,0,1749.588,...,"2001-07-01 00:00:00"
43682,226,ECD4-43A8-A8,1,762,1,419.4589,0,419.4589,...,"2001-07-01 00:00:00"
43682,227,ECD4-43A8-A8,2,760,1,419.4589,0,838.9178,...,"2001-07-01 00:00:00"
43682,228,ECD4-43A8-A8,2,770,1,419.4589,0,838.9178,...,"2001-07-01 00:00:00"
43682,229,ECD4-43A8-A8,1,715,1,28.8404,0,28.8404,...,"2001-07-01 00:00:00"
43683,230,2299-44F7-95,2,776,1,2024.994,0,4049.988,...,"2001-07-01 00:00:00"
43683,231,2299-44F7-95,2,715,1,28.8404,0,57.6808,...,"2001-07-01 00:00:00"
43683,232,2299-44F7-95,2,773,1,2039.994,0,4079.988,...,"2001-07-01 00:00:00"
43683,233,2299-44F7-95,1,774,1,2039.994,0,2039.994,...,"2001-07-01 00:00:00"
43683,234,2299-44F7-95,1,708,1,20.1865,0,20.1865,...,"2001-07-01 00:00:00"
43683,235,2299-44F7-95,2,711,1,20.1865,0,40.373,...,"2001-07-01 00:00:00"
43683,236,2299-44F7-95,3,712,1,5.1865,0,15.5595,...,"2001-07-01 00:00:00"
43683,237,2299-44F7-95,4,775,1,2024.994,0,8099.976,...,"2001-07-01 00:00:00"
43683,238,2299-44F7-95,6,777,1,2024.994,0,12149.964,...,"2001-07-01 00:00:00"
43683,239,2299-44F7-95,1,772,1,2039.994,0,2039.994,...,"2001-07-01 00:00:00"
43683,240,2299-44F7-95,3,707,1,20.1865,0,60.5595,...,"2001-07-01 00:00:00"
43683,241,2299-44F7-95,5,778,1,2024.994,0,10124.97,...,"2001-07-01 00:00:00"
43683,242,2299-44F7-95,6,709,1,5.7,0,34.2,...,"2001-07-01 00:00:00"
43684,243,8C01-4CC0-A9,2,754,1,874.794,0,1749.588,...,"2001-07-01 00:00:00"
43684,244,8C01-4CC0-A9,2,762,1,419.4589,0,838.9178,...,"2001-07-01 00:00:00"
43684,245,8C01-4CC0-A9,1,760,1,419.4589,0,419.4589,...,"2001-07-01 00:00:00"
43684,246,8C01-4CC0-A9,2,758,1,874.794,0,1749.588,...,"2001-07-01 00:00:00"
43684,247,8C01-4CC0-A9,1,770,1,419.4589,0,419.4589,...,"2001-07-01 00:00:00"
43684,248,8C01-4CC0-A9,1,763,1,419.4589,0,419.4589,...,"2001-07-01 00:00:00"
43685,249,C519-4AB3-88,3,765,1,419.4589,0,1258.3767,...,"2001-07-01 00:00:00"
43685,250,C519-4AB3-88,1,763,1,419.4589,0,419.4589,...,"2001-07-01 00:00:00"
43685,251,C519-4AB3-88,1,754,1,874.794,0,874.794,...,"2001-07-01 00:00:00"
43685,252,C519-4AB3-88,1,725,1,183.9382,0,183.9382,...,"2001-07-01 00:00:00"
43686,253,FBD0-4F71-80,3,758,1,874.794,0,2624.382,...,"2001-07-01 00:00:00"
43686,254,FBD0-4F71-80,1,762,1,419.4589,0,419.4589,...,"2001-07-01 00:00:00"
43686,255,FBD0-4F71-80,1,770,1,419.4589,0,419.4589,...,"2001-07-01 00:00:00"
43687,256,61FA-475A-AC,1,768,1,419.4589,0,419.4589,...,"2001-07-01 00:00:00"
43687,257,61FA-475A-AC,2,765,1,419.4589,0,838.9178,...,"2001-07-01 00:00:00"
43688,258,16F4-456B-9A,1,725,1,183.9382,0,183.9382,...,"2001-07-01 00:00:00"
43688,259,16F4-456B-9A,2,760,1,419.4589,0,838.9178,...,"2001-07-01 00:00:00"
43688,260,16F4-456B-9A,3,762,1,419.4589,0,1258.3767,...,"2001-07-01 00:00:00"
43688,261,16F4-456B-9A,1,738,1,178.5808,0,178.5808,...,"2001-07-01 00:00:00"
43688,262,16F4-456B-9A,1,763,1,419.4589,0,419.4589,...,"2001-07-01 00:00:00"
43688,263,16F4-456B-9A,2,729,1,183.9382,0,367.8764,...,"2001-07-01 00:00:00"
43688,264,16F4-456B-9A,2,754,1,874.794,0,1749.588,...,"2001-07-01 00:00:00"
43688,265,16F4-456B-9A,2,758,1,874.794,0,1749.588,...,"2001-07-01 00:00:00"
43688,266,16F4-456B-9A,3,765,1,419.4589,0,1258.3767,...,"2001-07-01 00:00:00"
43688,267,16F4-456B-9A,1,770,1,419.4589,0,419.4589,...,"2001-07-01 00:00:00"
43688,268,16F4-456B-9A,2,753,1,2146.962,0,4293.924,...,"2001-07-01 00:00:00"
43689,269,DCD9-4C9A-AB,3,764,1,419.4589,0,1258.3767,...,"2001-07-01 00:00:00"
43689,270,DCD9-4C9A-AB,2,738,1,178.5808,0,357.1616,...,"2001-07-01 00:00:00"
43689,271,DCD9-4C9A-AB,2,725,1,183.9382,0,367.8764,...,"2001-07-01 00:00:00"
43689,272,DCD9-4C9A-AB,1,753,1,2146.962,0,2146.962,...,"2001-07-01 00:00:00"
43689,273,DCD9-4C9A-AB,2,755,1,874.794,0,1749.588,...,"2001-07-01 00:00:00"
43689,274,DCD9-4C9A-AB,4,766,1,419.4589,0,1677.8356,...,"2001-07-01 00:00:00"
43689,275,DCD9-4C9A-AB,2,770,1,419.4589,0,838.9178,...,"2001-07-01 00:00:00"
43689,276,DCD9-4C9A-AB,7,760,1,419.4589,0,2936.2123,...,"2001-07-01 00:00:00"
43689,277,DCD9-4C9A-AB,3,726,1,183.9382,0,551.8146,...,"2001-07-01 00:00:00"
43689,278,DCD9-4C9A-AB,1,722,1,178.5808,0,178.5808,...,"2001-07-01 00:00:00"
43689,279,DCD9-4C9A-AB,6,763,1,419.4589,0,2516.7534,...,"2001-07-01 00:00:00"
43689,280,DCD9-4C9A-AB,2,729,1,183.9382,0,367.8764,...,"2001-07-01 00:00:00"
43689,281,DCD9-4C9A-AB,2,730,1,183.9382,0,367.8764,...,"2001-07-01 00:00:00"
43689,282,DCD9-4C9A-AB,2,732,1,356.898,0,713.796,...,"2001-07-01 00:00:00"
43689,283,DCD9-4C9A-AB,5,765,1,419.4589,0,2097.2945,...,"2001-07-01 00:00:00"
43689,284,DCD9-4C9A-AB,2,768,1,419.4589,0,838.9178,...,"2001-07-01 00:00:00"
43689,285,DCD9-4C9A-AB,2,761,1,419.4589,0,838.9178,...,"2001-07-01 00:00:00"
43689,286,DCD9-4C9A-AB,3,758,1,874.794,0,2624.382,...,"2001-07-01 00:00:00"
43689,287,DCD9-4C9A-AB,2,749,1,2146.962,0,4293.924,...,"2001-07-01 00:00:00"
43689,288,DCD9-4C9A-AB,9,762,1,419.4589,0,3775.1301,...,"2001-07-01 00:00:00"
43689,289,DCD9-4C9A-AB,4,754,1,874.794,0,3499.176,...,"2001-07-01 00:00:00"
43690,290,7A3C-492F-A6,1,715,1,28.8404,0,28.8404,...,"2001-07-01 00:00:00"
43690,291,7A3C-492F-A6,1,770,1,419.4589,0,419.4589,...,"2001-07-01 00:00:00"
43690,292,7A3C-492F-A6,2,712,1,5.1865,0,10.373,...,"2001-07-01 00:00:00"
43690,293,7A3C-492F-A6,2,760,1,419.4589,0,838.9178,...,"2001-07-01 00:00:00"
43691,294,272B-4319-9E,1,758,1,874.794,0,874.794,...,"2001-07-01 00:00:00"
43692,295,BFA9-470E-B4,5,770,1,419.4589,0,2097.2945,...,"2001-07-01 00:00:00"
43692,296,BFA9-470E-B4,1,725,1,183.9382,0,183.9382,...,"2001-07-01 00:00:00"
43692,297,BFA9-470E-B4,8,754,1,874.794,0,6998.352,...,"2001-07-01 00:00:00"
43692,298,BFA9-470E-B4,2,730,1,183.9382,0,367.8764,...,"2001-07-01 00:00:00"
43692,299,BFA9-470E-B4,10,715,1,28.8404,0,288.404,...,"2001-07-01 00:00:00"
43692,300,BFA9-470E-B4,1,768,1,419.4589,0,419.4589,...,"2001-07-01 00:00:00"
43692,301,BFA9-470E-B4,4,756,1,874.794,0,3499.176,...,"2001-07-01 00:00:00"
43692,302,BFA9-470E-B4,2,738,1,178.5808,0,357.1616,...,"2001-07-01 00:00:00"
43692,303,BFA9-470E-B4,8,758,1,874.794,0,6998.352,...,"2001-07-01 00:00:00"
43692,304,BFA9-470E-B4,3,708,1,20.1865,0,60.5595,...,"2001-07-01 00:00:00"
43692,305,BFA9-470E-B4,6,762,1,419.4589,0,2516.7534,...,"2001-07-01 00:00:00"
43692,306,BFA9-470E-B4,3,732,1,356.898,0,1070.694,...,"2001-07-01 00:00:00"
43692,307,BFA9-470E-B4,6,712,1,5.1865,0,31.119,...,"2001-07-01 00:00:00"
43692,308,BFA9-470E-B4,4,714,1,28.8404,0,115.3616,...,"2001-07-01 00:00:00"
43692,309,BFA9-470E-B4,7,760,1,419.4589,0,2936.2123,...,"2001-07-01 00:00:00"
43692,310,BFA9-470E-B4,2,755,1,874.794,0,1749.588,...,"2001-07-01 00:00:00"
43692,311,BFA9-470E-B4,4,716,1,28.8404,0,115.3616,...,"2001-07-01 00:00:00"
43692,312,BFA9-470E-B4,2,765,1,419.4589,0,838.9178,...,"2001-07-01 00:00:00"
43692,313,BFA9-470E-B4,1,764,1,419.4589,0,419.4589,...,"2001-07-01 00:00:00"
43692,314,BFA9-470E-B4,2,753,1,2146.962,0,4293.924,...,"2001-07-01 00:00:00"
43692,315,BFA9-470E-B4,1,766,1,419.4589,0,419.4589,...,"2001-07-01 00:00:00"
43692,316,BFA9-470E-B4,1,722,1,178.5808,0,178.5808,...,"2001-07-01 00:00:00"
43692,317,BFA9-470E-B4,3,761,1,419.4589,0,1258.3767,...,"2001-07-01 00:00:00"
43692,318,BFA9-470E-B4,3,711,1,20.1865,0,60.5595,...,"2001-07-01 00:00:00"
43692,319,BFA9-470E-B4,1,763,1,419.4589,0,419.4589,...,"2001-07-01 00:00:00"
43692,320,BFA9-470E-B4,2,729,1,183.9382,0,367.8764,...,"2001-07-01 00:00:00"
43692,321,BFA9-470E-B4,4,707,1,20.1865,0,80.746,...,"2001-07-01 00:00:00"
43692,322,BFA9-470E-B4,2,726,1,183.9382,0,367.8764,...,"2001-07-01 00:00:00"
43693,323,EC62-4BB3-9B,3,716,1,28.8404,0,86.5212,...,"2001-07-01 00:00:00"
43693,324,EC62-4BB3-9B,1,773,1,2039.994,0,2039.994,...,"2001-07-01 00:00:00"
43693,325,EC62-4BB3-9B,6,709,1,5.7,0,34.2,...,"2001-07-01 00:00:00"
43693,326,EC62-4BB3-9B,2,707,1,20.1865,0,40.373,...,"2001-07-01 00:00:00"
43693,327,EC62-4BB3-9B,3,771,1,2039.994,0,6119.982,...,"2001-07-01 00:00:00"
43693,328,EC62-4BB3-9B,2,708,1,20.1865,0,40.373,...,"2001-07-01 00:00:00"
43693,329,EC62-4BB3-9B,1,774,1,2039.994,0,2039.994,...,"2001-07-01 00:00:00"
43693,330,EC62-4BB3-9B,3,777,1,2024.994,0,6074.982,...,"2001-07-01 00:00:00"
43693,331,EC62-4BB3-9B,1,772,1,2039.994,0,2039.994,...,"2001-07-01 00:00:00"
43693,332,EC62-4BB3-9B,1,778,1,2024.994,0,2024.994,...,"2001-07-01 00:00:00"
43694,333,EC3D-48E0-A6,3,776,1,2024.994,0,6074.982,...,"2001-07-01 00:00:00"
43694,334,EC3D-48E0-A6,3,771,1,2039.994,0,6119.982,...,"2001-07-01 00:00:00"
43694,335,EC3D-48E0-A6,2,715,1,28.8404,0,57.6808,...,"2001-07-01 00:00:00"
43694,336,EC3D-48E0-A6,1,772,1,2039.994,0,2039.994,...,"2001-07-01 00:00:00"
43694,337,EC3D-48E0-A6,3,716,1,28.8404,0,86.5212,...,"2001-07-01 00:00:00"
43694,338,EC3D-48E0-A6,1,707,1,20.1865,0,20.1865,...,"2001-07-01 00:00:00"
43694,339,EC3D-48E0-A6,1,708,1,20.1865,0,20.1865,...,"2001-07-01 00:00:00"
43694,340,EC3D-48E0-A6,1,774,1,2039.994,0,2039.994,...,"2001-07-01 00:00:00"
43694,341,EC3D-48E0-A6,2,773,1,2039.994,0,4079.988,...,"2001-07-01 00:00:00"
43694,342,EC3D-48E0-A6,1,712,1,5.1865,0,5.1865,...,"2001-07-01 00:00:00"
43694,343,EC3D-48E0-A6,5,711,1,20.1865,0,100.9325,...,"2001-07-01 00:00:00"
43695,344,A89C-4D25-B9,2,774,1,2039.994,0,4079.988,...,"2001-07-01 00:00:00"
43695,345,A89C-4D25-B9,2,748,1,722.5949,0,1445.1898,...,"2001-07-01 00:00:00"
43695,346,A89C-4D25-B9,1,747,1,714.7043,0,714.7043,...,"2001-07-01 00:00:00"
43695,347,A89C-4D25-B9,1,742,1,722.5949,0,722.5949,...,"2001-07-01 00:00:00"
43695,348,A89C-4D25-B9,5,777,1,2024.994,0,10124.97,...,"2001-07-01 00:00:00"
43695,349,A89C-4D25-B9,6,778,1,2024.994,0,12149.964,...,"2001-07-01 00:00:00"
43695,350,A89C-4D25-B9,2,709,1,5.7,0,11.4,...,"2001-07-01 00:00:00"
43695,351,A89C-4D25-B9,5,775,1,2024.994,0,10124.97,...,"2001-07-01 00:00:00"
43696,352,50C1-41FA-BE,1,762,1,419.4589,0,419.4589,...,"2001-07-01 00:00:00"
43697,353,NULL,1,749,1,3578.27,0,3578.27,...,"2001-07-01 00:00:00"
43698,354,NULL,1,773,1,3399.99,0,3399.99,...,"2001-07-01 00:00:00"
43699,355,NULL,1,773,1,3399.99,0,3399.99,...,"2001-07-01 00:00:00"
43700,356,NULL,1,767,1,699.0982,0,699.0982,...,"2001-07-01 00:00:00"
43701,357,NULL,1,773,1,3399.99,0,3399.99,...,"2001-07-01 00:00:00"
43702,358,NULL,1,750,1,3578.27,0,3578.27,...,"2001-07-02 00:00:00"
43703,359,NULL,1,749,1,3578.27,0,3578.27,...,"2001-07-02 00:00:00"
43704,360,NULL,1,778,1,3374.99,0,3374.99,...,"2001-07-02 00:00:00"
43705,361,NULL,1,771,1,3399.99,0,3399.99,...,"2001-07-02 00:00:00"
43706,362,NULL,1,751,1,3578.27,0,3578.27,...,"2001-07-03 00:00:00"
43707,363,NULL,1,751,1,3578.27,0,3578.27,...,"2001-07-03 00:00:00"
43708,364,NULL,1,764,1,699.0982,0,699.0982,...,"2001-07-03 00:00:00"
43709,365,NULL,1,752,1,3578.27,0,3578.27,...,"2001-07-03 00:00:00"
43710,366,NULL,1,753,1,3578.27,0,3578.27,...,"2001-07-03 00:00:00"
43711,367,NULL,1,753,1,3578.27,0,3578.27,...,"2001-07-04 00:00:00"
43712,368,NULL,1,750,1,3578.27,0,3578.27,...,"2001-07-04 00:00:00"
43713,369,NULL,1,749,1,3578.27,0,3578.27,...,"2001-07-05 00:00:00"
43714,370,NULL,1,750,1,3578.27,0,3578.27,...,"2001-07-05 00:00:00"
43715,371,NULL,1,753,1,3578.27,0,3578.27,...,"2001-07-05 00:00:00"
43716,372,NULL,1,750,1,3578.27,0,3578.27,...,"2001-07-05 00:00:00"
43717,373,NULL,1,767,1,699.0982,0,699.0982,...,"2001-07-05 00:00:00"
43718,374,NULL,1,750,1,3578.27,0,3578.27,...,"2001-07-06 00:00:00"
43719,375,NULL,1,751,1,3578.27,0,3578.27,...,"2001-07-06 00:00:00"
43720,376,NULL,1,750,1,3578.27,0,3578.27,...,"2001-07-06 00:00:00"
43721,377,NULL,1,749,1,3578.27,0,3578.27,...,"2001-07-06 00:00:00"
43722,378,NULL,1,751,1,3578.27,0,3578.27,...,"2001-07-07 00:00:00"
43723,379,NULL,1,765,1,699.0982,0,699.0982,...,"2001-07-07 00:00:00"
43724,380,NULL,1,750,1,3578.27,0,3578.27,...,"2001-07-07 00:00:00"
43725,381,NULL,1,750,1,3578.27,0,3578.27,...,"2001-07-08 00:00:00"
43726,382,NULL,1,765,1,699.0982,0,699.0982,...,"2001-07-08 00:00:00"
43727,383,NULL,1,750,1,3578.27,0,3578.27,...,"2001-07-08 00:00:00"
43728,384,NULL,1,752,1,3578.27,0,3578.27,...,"2001-07-09 00:00:00"
43729,385,NULL,1,773,1,3399.99,0,3399.99,...,"2001-07-09 00:00:00"
43730,386,NULL,1,773,1,3399.99,0,3399.99,...,"2001-07-09 00:00:00"
43731,387,NULL,1,753,1,3578.27,0,3578.27,...,"2001-07-09 00:00:00"
43732,388,NULL,1,777,1,3374.99,0,3374.99,...,"2001-07-09 00:00:00"
43733,389,NULL,1,751,1,3578.27,0,3578.27,...,"2001-07-09 00:00:00"
43734,390,NULL,1,751,1,3578.27,0,3578.27,...,"2001-07-10 00:00:00"
43735,391,NULL,1,749,1,3578.27,0,3578.27,...,"2001-07-10 00:00:00"
43736,392,NULL,1,773,1,3399.99,0,3399.99,...,"2001-07-10 00:00:00"
43737,393,NULL,1,750,1,3578.27,0,3578.27,...,"2001-07-11 00:00:00"
43738,394,NULL,1,751,1,3578.27,0,3578.27,...,"2001-07-11 00:00:00"
43739,395,NULL,1,749,1,3578.27,0,3578.27,...,"2001-07-11 00:00:00"
43740,396,NULL,1,751,1,3578.27,0,3578.27,...,"2001-07-11 00:00:00"
43741,397,NULL,1,749,1,3578.27,0,3578.27,...,"2001-07-12 00:00:00"
43742,398,NULL,1,753,1,3578.27,0,3578.27,...,"2001-07-12 00:00:00"
43743,399,NULL,1,774,1,3399.99,0,3399.99,...,"2001-07-12 00:00:00"
43744,400,NULL,1,752,1,3578.27,0,3578.27,...,"2001-07-12 00:00:00"
43745,401,NULL,1,750,1,3578.27,0,3578.27,...,"2001-07-13 00:00:00"
43746,402,NULL,1,751,1,3578.27,0,3578.27,...,"2001-07-13 00:00:00"
43747,403,NULL,1,753,1,3578.27,0,3578.27,...,"2001-07-14 00:00:00"
43748,404,NULL,1,752,1,3578.27,0,3578.27,...,"2001-07-14 00:00:00"
43749,405,NULL,1,753,1,3578.27,0,3578.27,...,"2001-07-14 00:00:00"
43750,406,NULL,1,750,1,3578.27,0,3578.27,...,"2001-07-14 00:00:00"
43751,407,NULL,1,752,1,3578.27,0,3578.27,...,"2001-07-14 00:00:00"
43752,408,NULL,1,750,1,3578.27,0,3578.27,...,"2001-07-14 00:00:00"
43753,409,NULL,1,749,1,3578.27,0,3578.27,...,"2001-07-14 00:00:00"
43754,410,NULL,1,751,1,3578.27,0,3578.27,...,"2001-07-15 00:00:00"
43755,411,NULL,1,750,1,3578.27,0,3578.27,...,"2001-07-15 00:00:00"
43756,412,NULL,1,765,1,699.0982,0,699.0982,...,"2001-07-15 00:00:00"
43757,413,NULL,1,777,1,3374.99,0,3374.99,...,"2001-07-15 00:00:00"
43758,414,NULL,1,749,1,3578.27,0,3578.27,...,"2001-07-16 00:00:00"
43759,415,NULL,1,749,1,3578.27,0,3578.27,...,"2001-07-16 00:00:00"
43760,416,NULL,1,753,1,3578.27,0,3578.27,...,"2001-07-16 00:00:00"
43761,417,NULL,1,749,1,3578.27,0,3578.27,...,"2001-07-16 00:00:00"
43762,418,NULL,1,753,1,3578.27,0,3578.27,...,"2001-07-17 00:00:00"
43763,419,NULL,1,752,1,3578.27,0,3578.27,...,"2001-07-17 00:00:00"
43764,420,NULL,1,749,1,3578.27,0,3578.27,...,"2001-07-17 00:00:00"
43765,421,NULL,1,773,1,3399.99,0,3399.99,...,"2001-07-17 00:00:00"
43766,422,NULL,1,752,1,3578.27,0,3578.27,...,"2001-07-18 00:00:00"
43767,423,NULL,1,777,1,3374.99,0,3374.99,...,"2001-07-18 00:00:00"
43768,424,NULL,1,751,1,3578.27,0,3578.27,...,"2001-07-19 00:00:00"
43769,425,NULL,1,751,1,3578.27,0,3578.27,...,"2001-07-19 00:00:00"
43770,426,NULL,1,751,1,3578.27,0,3578.27,...,"2001-07-19 00:00:00"
43771,427,NULL,1,764,1,699.0982,0,699.0982,...,"2001-07-19 00:00:00"
43772,428,NULL,1,751,1,3578.27,0,3578.27,...,"2001-07-19 00:00:00"
43773,429,NULL,1,753,1,3578.27,0,3578.27,...,"2001-07-19 00:00:00"
43774,430,NULL,1,752,1,3578.27,0,3578.27,...,"2001-07-19 00:00:00"
43775,431,NULL,1,774,1,3399.99,0,3399.99,...,"2001-07-19 00:00:00"
43776,432,NULL,1,753,1,3578.27,0,3578.27,...,"2001-07-20 00:00:00"
43777,433,NULL,1,750,1,3578.27,0,3578.27,...,"2001-07-20 00:00:00"
43778,434,NULL,1,772,1,3399.99,0,3399.99,...,"2001-07-20 00:00:00"
43779,435,NULL,1,762,1,699.0982,0,699.0982,...,"2001-07-20 00:00:00"
43780,436,NULL,1,750,1,3578.27,0,3578.27,...,"2001-07-21 00:00:00"
43781,437,NULL,1,751,1,3578.27,0,3578.27,...,"2001-07-21 00:00:00"
43782,438,NULL,1,751,1,3578.27,0,3578.27,...,"2001-07-21 00:00:00"
43783,439,NULL,1,751,1,3578.27,0,3578.27,...,"2001-07-21 00:00:00"
43784,440,NULL,1,749,1,3578.27,0,3578.27,...,"2001-07-22 00:00:00"
43785,441,NULL,1,750,1,3578.27,0,3578.27,...,"2001-07-22 00:00:00"
43786,442,NULL,1,750,1,3578.27,0,3578.27,...,"2001-07-22 00:00:00"
43787,443,NULL,1,771,1,3399.99,0,3399.99,...,"2001-07-22 00:00:00"
43788,444,NULL,1,778,1,3374.99,0,3374.99,...,"2001-07-22 00:00:00"
43789,445,NULL,1,778,1,3374.99,0,3374.99,...,"2001-07-22 00:00:00"
43790,446,NULL,1,771,1,3399.99,0,3399.99,...,"2001-07-22 00:00:00"
43791,447,NULL,1,753,1,3578.27,0,3578.27,...,"2001-07-22 00:00:00"
43792,448,NULL,1,751,1,3578.27,0,3578.27,...,"2001-07-22 00:00:00"
43793,449,NULL,1,771,1,3399.99,0,3399.99,...,"2001-07-22 00:00:00"
43794,450,NULL,1,774,1,3399.99,0,3399.99,...,"2001-07-22 00:00:00"
43795,451,NULL,1,751,1,3578.27,0,3578.27,...,"2001-07-23 00:00:00"
43796,452,NULL,1,770,1,699.0982,0,699.0982,...,"2001-07-23 00:00:00"
43797,453,NULL,1,751,1,3578.27,0,3578.27,...,"2001-07-23 00:00:00"
43798,454,NULL,1,749,1,3578.27,0,3578.27,...,"2001-07-23 00:00:00"
43799,455,NULL,1,751,1,3578.27,0,3578.27,...,"2001-07-23 00:00:00"
43800,456,NULL,1,750,1,3578.27,0,3578.27,...,"2001-07-24 00:00:00"
43801,457,NULL,1,750,1,3578.27,0,3578.27,...,"2001-07-24 00:00:00"
43802,458,NULL,1,751,1,3578.27,0,3578.27,...,"2001-07-24 00:00:00"
43803,459,NULL,1,753,1,3578.27,0,3578.27,...,"2001-07-25 00:00:00"
43804,460,NULL,1,749,1,3578.27,0,3578.27,...,"2001-07-25 00:00:00"
43805,461,NULL,1,763,1,699.0982,0,699.0982,...,"2001-07-25 00:00:00"
43806,462,NULL,1,751,1,3578.27,0,3578.27,...,"2001-07-25 00:00:00"
43807,463,NULL,1,751,1,3578.27,0,3578.27,...,"2001-07-26 00:00:00"
43808,464,NULL,1,752,1,3578.27,0,3578.27,...,"2001-07-26 00:00:00"
43809,465,NULL,1,749,1,3578.27,0,3578.27,...,"2001-07-26 00:00:00"
43810,466,NULL,1,772,1,3399.99,0,3399.99,...,"2001-07-26 00:00:00"
43811,467,NULL,1,773,1,3399.99,0,3399.99,...,"2001-07-26 00:00:00"
43812,468,NULL,1,751,1,3578.27,0,3578.27,...,"2001-07-27 00:00:00"
43813,469,NULL,1,777,1,3374.99,0,3374.99,...,"2001-07-27 00:00:00"
43814,470,NULL,1,777,1,3374.99,0,3374.99,...,"2001-07-27 00:00:00"
43815,471,NULL,1,750,1,3578.27,0,3578.27,...,"2001-07-27 00:00:00"
43816,472,NULL,1,753,1,3578.27,0,3578.27,...,"2001-07-27 00:00:00"
43817,473,NULL,1,749,1,3578.27,0,3578.27,...,"2001-07-27 00:00:00"
43818,474,NULL,1,751,1,3578.27,0,3578.27,...,"2001-07-27 00:00:00"
43819,475,NULL,1,773,1,3399.99,0,3399.99,...,"2001-07-27 00:00:00"
43820,476,NULL,1,751,1,3578.27,0,3578.27,...,"2001-07-28 00:00:00"
43821,477,NULL,1,749,1,3578.27,0,3578.27,...,"2001-07-28 00:00:00"
43822,478,NULL,1,752,1,3578.27,0,3578.27,...,"2001-07-28 00:00:00"
43823,479,NULL,1,770,1,699.0982,0,699.0982,...,"2001-07-28 00:00:00"
43824,480,NULL,1,768,1,699.0982,0,699.0982,...,"2001-07-28 00:00:00"
43825,481,NULL,1,752,1,3578.27,0,3578.27,...,"2001-07-28 00:00:00"
43826,482,NULL,1,775,1,3374.99,0,3374.99,...,"2001-07-28 00:00:00"
43827,483,NULL,1,768,1,699.0982,0,699.0982,...,"2001-07-28 00:00:00"
43828,484,NULL,1,749,1,3578.27,0,3578.27,...,"2001-07-29 00:00:00"
43829,485,NULL,1,749,1,3578.27,0,3578.27,...,"2001-07-29 00:00:00"
43830,486,NULL,1,750,1,3578.27,0,3578.27,...,"2001-07-29 00:00:00"
43831,487,NULL,1,776,1,3374.99,0,3374.99,...,"2001-07-29 00:00:00"
43832,488,NULL,1,749,1,3578.27,0,3578.27,...,"2001-07-29 00:00:00"
43833,489,NULL,1,749,1,3578.27,0,3578.27,...,"2001-07-30 00:00:00"
43834,490,NULL,1,775,1,3374.99,0,3374.99,...,"2001-07-30 00:00:00"
43835,491,NULL,1,775,1,3374.99,0,3374.99,...,"2001-07-30 00:00:00"
43836,492,NULL,1,761,1,699.0982,0,699.0982,...,"2001-07-30 00:00:00"
43837,493,NULL,1,777,1,3374.99,0,3374.99,...,"2001-07-30 00:00:00"
43838,494,NULL,1,752,1,3578.27,0,3578.27,...,"2001-07-31 00:00:00"
43839,495,NULL,1,750,1,3578.27,0,3578.27,...,"2001-07-31 00:00:00"
43840,496,NULL,1,762,1,699.0982,0,699.0982,...,"2001-07-31 00:00:00"
43841,497,NULL,1,753,1,3578.27,0,3578.27,...,"2001-07-31 00:00:00"
43842,498,NULL,1,751,1,3578.27,0,3578.27,...,"2001-07-31 00:00:00"
43843,499,AEB6-4356-80,2,774,1,2039.994,0,4079.988,...,"2001-08-01 00:00:00"
43843,500,AEB6-4356-80,2,778,1,2024.994,0,4049.988,...,"2001-08-01 00:00:00"
43843,501,AEB6-4356-80,2,742,1,722.5949,0,1445.1898,...,"2001-08-01 00:00:00"
43843,502,AEB6-4356-80,5,777,1,2024.994,0,10124.97,...,"2001-08-01 00:00:00"
43843,503,AEB6-4356-80,2,748,1,722.5949,0,1445.1898,...,"2001-08-01 00:00:00"
43843,504,AEB6-4356-80,1,741,1,818.7,0,818.7,...,"2001-08-01 00:00:00"
43843,505,AEB6-4356-80,1,745,1,809.76,0,809.76,...,"2001-08-01 00:00:00"
43843,506,AEB6-4356-80,2,771,1,2039.994,0,4079.988,...,"2001-08-01 00:00:00"
43843,507,AEB6-4356-80,2,709,1,5.7,0,11.4,...,"2001-08-01 00:00:00"
43843,508,AEB6-4356-80,3,776,1,2024.994,0,6074.982,...,"2001-08-01 00:00:00"
43844,509,15C3-40C5-AC,4,775,1,2024.994,0,8099.976,...,"2001-08-01 00:00:00"
43844,510,15C3-40C5-AC,2,776,1,2024.994,0,4049.988,...,"2001-08-01 00:00:00"
43844,511,15C3-40C5-AC,3,777,1,2024.994,0,6074.982,...,"2001-08-01 00:00:00"
43844,512,15C3-40C5-AC,1,778,1,2024.994,0,2024.994,...,"2001-08-01 00:00:00"
43845,513,2E65-4D8B-9A,1,725,1,183.9382,0,183.9382,...,"2001-08-01 00:00:00"
43845,514,2E65-4D8B-9A,3,715,1,28.8404,0,86.5212,...,"2001-08-01 00:00:00"
43845,515,2E65-4D8B-9A,1,770,1,419.4589,0,419.4589,...,"2001-08-01 00:00:00"
43845,516,2E65-4D8B-9A,2,763,1,419.4589,0,838.9178,...,"2001-08-01 00:00:00"
43845,517,2E65-4D8B-9A,2,761,1,419.4589,0,838.9178,...,"2001-08-01 00:00:00"
43845,518,2E65-4D8B-9A,1,754,1,874.794,0,874.794,...,"2001-08-01 00:00:00"
43845,519,2E65-4D8B-9A,2,765,1,419.4589,0,838.9178,...,"2001-08-01 00:00:00"
43845,520,2E65-4D8B-9A,2,753,1,2146.962,0,4293.924,...,"2001-08-01 00:00:00"
43845,521,2E65-4D8B-9A,1,729,1,183.9382,0,183.9382,...,"2001-08-01 00:00:00"
43845,522,2E65-4D8B-9A,4,712,1,5.1865,0,20.746,...,"2001-08-01 00:00:00"
43846,523,A787-4CD2-A0,3,729,1,183.9382,0,551.8146,...,"2001-08-01 00:00:00"
43846,524,A787-4CD2-A0,1,712,1,5.1865,0,5.1865,...,"2001-08-01 00:00:00"
43846,525,A787-4CD2-A0,1,738,1,178.5808,0,178.5808,...,"2001-08-01 00:00:00"
43846,526,A787-4CD2-A0,1,725,1,183.9382,0,183.9382,...,"2001-08-01 00:00:00"
43847,527,4E09-4638-82,1,715,1,28.8404,0,28.8404,...,"2001-08-01 00:00:00"
43847,528,4E09-4638-82,1,712,1,5.1865,0,5.1865,...,"2001-08-01 00:00:00"
43847,529,4E09-4638-82,1,758,1,874.794,0,874.794,...,"2001-08-01 00:00:00"
43848,530,FB94-4C38-B1,1,773,1,2039.994,0,2039.994,...,"2001-08-01 00:00:00"
43848,531,FB94-4C38-B1,1,778,1,2024.994,0,2024.994,...,"2001-08-01 00:00:00"
43848,532,FB94-4C38-B1,1,775,1,2024.994,0,2024.994,...,"2001-08-01 00:00:00"
43848,533,FB94-4C38-B1,4,776,1,2024.994,0,8099.976,...,"2001-08-01 00:00:00"
43848,534,FB94-4C38-B1,2,771,1,2039.994,0,4079.988,...,"2001-08-01 00:00:00"
43849,535,D0B8-4476-BA,2,776,1,2024.994,0,4049.988,...,"2001-08-01 00:00:00"
43849,536,D0B8-4476-BA,1,714,1,28.8404,0,28.8404,...,"2001-08-01 00:00:00"
43849,537,D0B8-4476-BA,2,777,1,2024.994,0,4049.988,...,"2001-08-01 00:00:00"
43849,538,D0B8-4476-BA,2,771,1,2039.994,0,4079.988,...,"2001-08-01 00:00:00"
43849,539,D0B8-4476-BA,1,711,1,20.1865,0,20.1865,...,"2001-08-01 00:00:00"
43849,540,D0B8-4476-BA,1,773,1,2039.994,0,2039.994,...,"2001-08-01 00:00:00"
43849,541,D0B8-4476-BA,4,715,1,28.8404,0,115.3616,...,"2001-08-01 00:00:00"
43849,542,D0B8-4476-BA,1,772,1,2039.994,0,2039.994,...,"2001-08-01 00:00:00"
43849,543,D0B8-4476-BA,1,707,1,20.1865,0,20.1865,...,"2001-08-01 00:00:00"
43849,544,D0B8-4476-BA,2,774,1,2039.994,0,4079.988,...,"2001-08-01 00:00:00"
43849,545,D0B8-4476-BA,1,708,1,20.1865,0,20.1865,...,"2001-08-01 00:00:00"
43850,546,EBA6-4C6F-86,1,765,1,419.4589,0,419.4589,...,"2001-08-01 00:00:00"
43850,547,EBA6-4C6F-86,1,755,1,874.794,0,874.794,...,"2001-08-01 00:00:00"
43850,548,EBA6-4C6F-86,1,761,1,419.4589,0,419.4589,...,"2001-08-01 00:00:00"
43850,549,EBA6-4C6F-86,2,762,1,419.4589,0,838.9178,...,"2001-08-01 00:00:00"
43850,550,EBA6-4C6F-86,1,753,1,2146.962,0,2146.962,...,"2001-08-01 00:00:00"
43850,551,EBA6-4C6F-86,3,725,1,183.9382,0,551.8146,...,"2001-08-01 00:00:00"
43850,552,EBA6-4C6F-86,1,729,1,183.9382,0,183.9382,...,"2001-08-01 00:00:00"
43850,553,EBA6-4C6F-86,3,758,1,874.794,0,2624.382,...,"2001-08-01 00:00:00"
43850,554,EBA6-4C6F-86,1,756,1,874.794,0,874.794,...,"2001-08-01 00:00:00"
43850,555,EBA6-4C6F-86,3,732,1,356.898,0,1070.694,...,"2001-08-01 00:00:00"
43850,556,EBA6-4C6F-86,1,738,1,178.5808,0,178.5808,...,"2001-08-01 00:00:00"
43851,557,56EA-48EB-96,2,761,1,419.4589,0,838.9178,...,"2001-08-01 00:00:00"
43851,558,56EA-48EB-96,1,760,1,419.4589,0,419.4589,...,"2001-08-01 00:00:00"
43851,559,56EA-48EB-96,1,711,1,20.1865,0,20.1865,...,"2001-08-01 00:00:00"
43851,560,56EA-48EB-96,3,770,1,419.4589,0,1258.3767,...,"2001-08-01 00:00:00"
43851,561,56EA-48EB-96,1,707,1,20.1865,0,20.1865,...,"2001-08-01 00:00:00"
43851,562,56EA-48EB-96,1,725,1,183.9382,0,183.9382,...,"2001-08-01 00:00:00"
43851,563,56EA-48EB-96,1,754,1,874.794,0,874.794,...,"2001-08-01 00:00:00"
43851,564,56EA-48EB-96,3,738,1,178.5808,0,535.7424,...,"2001-08-01 00:00:00"
43851,565,56EA-48EB-96,1,753,1,2146.962,0,2146.962,...,"2001-08-01 00:00:00"
43851,566,56EA-48EB-96,1,765,1,419.4589,0,419.4589,...,"2001-08-01 00:00:00"
43851,567,56EA-48EB-96,1,712,1,5.1865,0,5.1865,...,"2001-08-01 00:00:00"
43851,568,56EA-48EB-96,3,708,1,20.1865,0,60.5595,...,"2001-08-01 00:00:00"
43852,569,C745-45C2-A1,1,776,1,2024.994,0,2024.994,...,"2001-08-01 00:00:00"
43853,570,434D-4DAA-96,2,777,1,2024.994,0,4049.988,...,"2001-08-01 00:00:00"
43853,571,434D-4DAA-96,1,773,1,2039.994,0,2039.994,...,"2001-08-01 00:00:00"
43853,572,434D-4DAA-96,1,771,1,2039.994,0,2039.994,...,"2001-08-01 00:00:00"
43853,573,434D-4DAA-96,4,776,1,2024.994,0,8099.976,...,"2001-08-01 00:00:00"
43853,574,434D-4DAA-96,2,775,1,2024.994,0,4049.988,...,"2001-08-01 00:00:00"
43853,575,434D-4DAA-96,3,778,1,2024.994,0,6074.982,...,"2001-08-01 00:00:00"
43854,576,D379-445F-92,2,758,1,874.794,0,1749.588,...,"2001-08-01 00:00:00"
43855,577,FB88-4B92-82,2,765,1,419.4589,0,838.9178,...,"2001-08-01 00:00:00"
43855,578,FB88-4B92-82,2,760,1,419.4589,0,838.9178,...,"2001-08-01 00:00:00"
43855,579,FB88-4B92-82,1,753,1,2146.962,0,2146.962,...,"2001-08-01 00:00:00"
43855,580,FB88-4B92-82,4,761,1,419.4589,0,1677.8356,...,"2001-08-01 00:00:00"
43855,581,FB88-4B92-82,1,738,1,178.5808,0,178.5808,...,"2001-08-01 00:00:00"
43855,582,FB88-4B92-82,3,762,1,419.4589,0,1258.3767,...,"2001-08-01 00:00:00"
43855,583,FB88-4B92-82,2,732,1,356.898,0,713.796,...,"2001-08-01 00:00:00"
43855,584,FB88-4B92-82,1,766,1,419.4589,0,419.4589,...,"2001-08-01 00:00:00"
43855,585,FB88-4B92-82,1,726,1,183.9382,0,183.9382,...,"2001-08-01 00:00:00"
43855,586,FB88-4B92-82,2,770,1,419.4589,0,838.9178,...,"2001-08-01 00:00:00"
43855,587,FB88-4B92-82,1,725,1,183.9382,0,183.9382,...,"2001-08-01 00:00:00"
43855,588,FB88-4B92-82,1,755,1,874.794,0,874.794,...,"2001-08-01 00:00:00"
43855,589,FB88-4B92-82,2,768,1,419.4589,0,838.9178,...,"2001-08-01 00:00:00"
43856,590,745E-4F74-BC,2,709,1,5.7,0,11.4,...,"2001-08-01 00:00:00"
43856,591,745E-4F74-BC,1,777,1,2024.994,0,2024.994,...,"2001-08-01 00:00:00"
43857,592,0CD4-4091-9B,1,760,1,419.4589,0,419.4589,...,"2001-08-01 00:00:00"
43857,593,0CD4-4091-9B,1,765,1,419.4589,0,419.4589,...,"2001-08-01 00:00:00"
43857,594,0CD4-4091-9B,2,762,1,419.4589,0,838.9178,...,"2001-08-01 00:00:00"
43857,595,0CD4-4091-9B,3,758,1,874.794,0,2624.382,...,"2001-08-01 00:00:00"
43857,596,0CD4-4091-9B,1,715,1,28.8404,0,28.8404,...,"2001-08-01 00:00:00"
43857,597,0CD4-4091-9B,3,712,1,5.1865,0,15.5595,...,"2001-08-01 00:00:00"
43857,598,0CD4-4091-9B,1,716,1,28.8404,0,28.8404,...,"2001-08-01 00:00:00"
43857,599,0CD4-4091-9B,1,725,1,183.9382,0,183.9382,...,"2001-08-01 00:00:00"
43857,600,0CD4-4091-9B,2,711,1,20.1865,0,40.373,...,"2001-08-01 00:00:00"
43857,601,0CD4-4091-9B,1,708,1,20.1865,0,20.1865,...,"2001-08-01 00:00:00"
43857,602,0CD4-4091-9B,2,738,1,178.5808,0,357.1616,...,"2001-08-01 00:00:00"
43857,603,0CD4-4091-9B,1,763,1,419.4589,0,419.4589,...,"2001-08-01 00:00:00"
43857,604,0CD4-4091-9B,2,754,1,874.794,0,1749.588,...,"2001-08-01 00:00:00"
43857,605,0CD4-4091-9B,2,707,1,20.1865,0,40.373,...,"2001-08-01 00:00:00"
43858,606,8FFA-4339-B7,2,762,1,419.4589,0,838.9178,...,"2001-08-01 00:00:00"
43858,607,8FFA-4339-B7,2,761,1,419.4589,0,838.9178,...,"2001-08-01 00:00:00"
43858,608,8FFA-4339-B7,5,770,1,419.4589,0,2097.2945,...,"2001-08-01 00:00:00"
43858,609,8FFA-4339-B7,1,765,1,419.4589,0,419.4589,...,"2001-08-01 00:00:00"
43858,610,8FFA-4339-B7,2,738,1,178.5808,0,357.1616,...,"2001-08-01 00:00:00"
43858,611,8FFA-4339-B7,3,763,1,419.4589,0,1258.3767,...,"2001-08-01 00:00:00"
43858,612,8FFA-4339-B7,2,754,1,874.794,0,1749.588,...,"2001-08-01 00:00:00"
43858,613,8FFA-4339-B7,1,722,1,178.5808,0,178.5808,...,"2001-08-01 00:00:00"
43858,614,8FFA-4339-B7,2,753,1,2146.962,0,4293.924,...,"2001-08-01 00:00:00"
43858,615,8FFA-4339-B7,1,726,1,183.9382,0,183.9382,...,"2001-08-01 00:00:00"
43858,616,8FFA-4339-B7,1,766,1,419.4589,0,419.4589,...,"2001-08-01 00:00:00"
43858,617,8FFA-4339-B7,1,729,1,183.9382,0,183.9382,...,"2001-08-01 00:00:00"
43858,618,8FFA-4339-B7,1,756,1,874.794,0,874.794,...,"2001-08-01 00:00:00"
43859,619,2C16-4AA6-B4,1,715,1,28.8404,0,28.8404,...,"2001-08-01 00:00:00"
43859,620,2C16-4AA6-B4,1,762,1,419.4589,0,419.4589,...,"2001-08-01 00:00:00"
43859,621,2C16-4AA6-B4,3,758,1,874.794,0,2624.382,...,"2001-08-01 00:00:00"
43859,622,2C16-4AA6-B4,2,760,1,419.4589,0,838.9178,...,"2001-08-01 00:00:00"
43860,623,E57D-4B4B-BF,2,761,1,419.4589,0,838.9178,...,"2001-08-01 00:00:00"
43860,624,E57D-4B4B-BF,1,770,1,419.4589,0,419.4589,...,"2001-08-01 00:00:00"
43860,625,E57D-4B4B-BF,2,758,1,874.794,0,1749.588,...,"2001-08-01 00:00:00"
43860,626,E57D-4B4B-BF,2,765,1,419.4589,0,838.9178,...,"2001-08-01 00:00:00"
43860,627,E57D-4B4B-BF,1,732,1,356.898,0,356.898,...,"2001-08-01 00:00:00"
43860,628,E57D-4B4B-BF,1,762,1,419.4589,0,419.4589,...,"2001-08-01 00:00:00"
43860,629,E57D-4B4B-BF,1,738,1,178.5808,0,178.5808,...,"2001-08-01 00:00:00"
43860,630,E57D-4B4B-BF,1,768,1,419.4589,0,419.4589,...,"2001-08-01 00:00:00"
43860,631,E57D-4B4B-BF,2,753,1,2146.962,0,4293.924,...,"2001-08-01 00:00:00"
43860,632,E57D-4B4B-BF,1,729,1,183.9382,0,183.9382,...,"2001-08-01 00:00:00"
43860,633,E57D-4B4B-BF,1,763,1,419.4589,0,419.4589,...,"2001-08-01 00:00:00"
43860,634,E57D-4B4B-BF,1,756,1,874.794,0,874.794,...,"2001-08-01 00:00:00"
43861,635,0CC0-4166-9E,1,732,1,356.898,0,356.898,...,"2001-08-01 00:00:00"
43861,636,0CC0-4166-9E,3,764,1,419.4589,0,1258.3767,...,"2001-08-01 00:00:00"
43861,637,0CC0-4166-9E,5,770,1,419.4589,0,2097.2945,...,"2001-08-01 00:00:00"
43861,638,0CC0-4166-9E,2,768,1,419.4589,0,838.9178,...,"2001-08-01 00:00:00"
43861,639,0CC0-4166-9E,1,725,1,183.9382,0,183.9382,...,"2001-08-01 00:00:00"
43861,640,0CC0-4166-9E,9,715,1,28.8404,0,259.5636,...,"2001-08-01 00:00:00"
43861,641,0CC0-4166-9E,4,765,1,419.4589,0,1677.8356,...,"2001-08-01 00:00:00"
43861,642,0CC0-4166-9E,1,753,1,2146.962,0,2146.962,...,"2001-08-01 00:00:00"
43861,643,0CC0-4166-9E,2,733,1,356.898,0,713.796,...,"2001-08-01 00:00:00"
43861,644,0CC0-4166-9E,2,730,1,183.9382,0,367.8764,...,"2001-08-01 00:00:00"
43861,645,0CC0-4166-9E,2,766,1,419.4589,0,838.9178,...,"2001-08-01 00:00:00"
43861,646,0CC0-4166-9E,4,711,1,20.1865,0,80.746,...,"2001-08-01 00:00:00"
43861,647,0CC0-4166-9E,3,754,1,874.794,0,2624.382,...,"2001-08-01 00:00:00"
43861,648,0CC0-4166-9E,2,756,1,874.794,0,1749.588,...,"2001-08-01 00:00:00"
43861,649,0CC0-4166-9E,2,729,1,183.9382,0,367.8764,...,"2001-08-01 00:00:00"
43861,650,0CC0-4166-9E,4,760,1,419.4589,0,1677.8356,...,"2001-08-01 00:00:00"
43861,651,0CC0-4166-9E,2,755,1,874.794,0,1749.588,...,"2001-08-01 00:00:00"
43861,652,0CC0-4166-9E,6,716,1,28.8404,0,173.0424,...,"2001-08-01 00:00:00"
43861,653,0CC0-4166-9E,2,763,1,419.4589,0,838.9178,...,"2001-08-01 00:00:00"
43861,654,0CC0-4166-9E,2,758,1,874.794,0,1749.588,...,"2001-08-01 00:00:00"
43861,655,0CC0-4166-9E,9,712,1,5.1865,0,46.6785,...,"2001-08-01 00:00:00"
43861,656,0CC0-4166-9E,2,761,1,419.4589,0,838.9178,...,"2001-08-01 00:00:00"
43861,657,0CC0-4166-9E,4,707,1,20.1865,0,80.746,...,"2001-08-01 00:00:00"
43861,658,0CC0-4166-9E,1,738,1,178.5808,0,178.5808,...,"2001-08-01 00:00:00"
43861,659,0CC0-4166-9E,3,714,1,28.8404,0,86.5212,...,"2001-08-01 00:00:00"
43861,660,0CC0-4166-9E,2,722,1,178.5808,0,357.1616,...,"2001-08-01 00:00:00"
43861,661,0CC0-4166-9E,3,708,1,20.1865,0,60.5595,...,"2001-08-01 00:00:00"
43862,662,68A2-4B5C-A7,4,771,1,2039.994,0,8159.976,...,"2001-08-01 00:00:00"
43862,663,68A2-4B5C-A7,1,741,1,818.7,0,818.7,...,"2001-08-01 00:00:00"
43862,664,68A2-4B5C-A7,3,777,1,2024.994,0,6074.982,...,"2001-08-01 00:00:00"
43862,665,68A2-4B5C-A7,4,773,1,2039.994,0,8159.976,...,"2001-08-01 00:00:00"
43862,666,68A2-4B5C-A7,2,747,1,714.7043,0,1429.4086,...,"2001-08-01 00:00:00"
43862,667,68A2-4B5C-A7,2,748,1,722.5949,0,1445.1898,...,"2001-08-01 00:00:00"
43862,668,68A2-4B5C-A7,2,774,1,2039.994,0,4079.988,...,"2001-08-01 00:00:00"
43862,669,68A2-4B5C-A7,1,745,1,809.76,0,809.76,...,"2001-08-01 00:00:00"
43862,670,68A2-4B5C-A7,4,709,1,5.7,0,22.8,...,"2001-08-01 00:00:00"
43863,671,D0C0-435D-A2,1,758,1,874.794,0,874.794,...,"2001-08-01 00:00:00"
43863,672,D0C0-435D-A2,1,712,1,5.1865,0,5.1865,...,"2001-08-01 00:00:00"
43863,673,D0C0-435D-A2,1,760,1,419.4589,0,419.4589,...,"2001-08-01 00:00:00"
43863,674,D0C0-435D-A2,1,762,1,419.4589,0,419.4589,...,"2001-08-01 00:00:00"
43864,675,B5D8-4B03-96,5,772,1,2039.994,0,10199.97,...,"2001-08-01 00:00:00"
43864,676,B5D8-4B03-96,1,747,1,714.7043,0,714.7043,...,"2001-08-01 00:00:00"
43864,677,B5D8-4B03-96,2,741,1,818.7,0,1637.4,...,"2001-08-01 00:00:00"
43864,678,B5D8-4B03-96,2,778,1,2024.994,0,4049.988,...,"2001-08-01 00:00:00"
43864,679,B5D8-4B03-96,4,776,1,2024.994,0,8099.976,...,"2001-08-01 00:00:00"
43864,680,B5D8-4B03-96,1,748,1,722.5949,0,722.5949,...,"2001-08-01 00:00:00"
43864,681,B5D8-4B03-96,2,771,1,2039.994,0,4079.988,...,"2001-08-01 00:00:00"
43864,682,B5D8-4B03-96,4,773,1,2039.994,0,8159.976,...,"2001-08-01 00:00:00"
43864,683,B5D8-4B03-96,1,745,1,809.76,0,809.76,...,"2001-08-01 00:00:00"
43865,684,071C-4913-89,1,758,1,874.794,0,874.794,...,"2001-08-01 00:00:00"
43865,685,071C-4913-89,2,770,1,419.4589,0,838.9178,...,"2001-08-01 00:00:00"
43865,686,071C-4913-89,1,753,1,2146.962,0,2146.962,...,"2001-08-01 00:00:00"
43865,687,071C-4913-89,4,760,1,419.4589,0,1677.8356,...,"2001-08-01 00:00:00"
43865,688,071C-4913-89,1,725,1,183.9382,0,183.9382,...,"2001-08-01 00:00:00"
43865,689,071C-4913-89,4,729,1,183.9382,0,735.7528,...,"2001-08-01 00:00:00"
43865,690,071C-4913-89,1,762,1,419.4589,0,419.4589,...,"2001-08-01 00:00:00"
43865,691,071C-4913-89,2,763,1,419.4589,0,838.9178,...,"2001-08-01 00:00:00"
43865,692,071C-4913-89,5,715,1,28.8404,0,144.202,...,"2001-08-01 00:00:00"
43865,693,071C-4913-89,1,738,1,178.5808,0,178.5808,...,"2001-08-01 00:00:00"
43865,694,071C-4913-89,3,712,1,5.1865,0,15.5595,...,"2001-08-01 00:00:00"
43865,695,071C-4913-89,3,765,1,419.4589,0,1258.3767,...,"2001-08-01 00:00:00"
43865,696,071C-4913-89,3,761,1,419.4589,0,1258.3767,...,"2001-08-01 00:00:00"
43865,697,071C-4913-89,3,754,1,874.794,0,2624.382,...,"2001-08-01 00:00:00"
43866,698,B6E8-4721-85,1,771,1,2039.994,0,2039.994,...,"2001-08-01 00:00:00"
43866,699,B6E8-4721-85,1,777,1,2024.994,0,2024.994,...,"2001-08-01 00:00:00"
43866,700,B6E8-4721-85,2,709,1,5.7,0,11.4,...,"2001-08-01 00:00:00"
43867,701,061F-4449-BE,1,708,1,20.1865,0,20.1865,...,"2001-08-01 00:00:00"
43867,702,061F-4449-BE,1,774,1,2039.994,0,2039.994,...,"2001-08-01 00:00:00"
43867,703,061F-4449-BE,2,776,1,2024.994,0,4049.988,...,"2001-08-01 00:00:00"
43867,704,061F-4449-BE,2,715,1,28.8404,0,57.6808,...,"2001-08-01 00:00:00"
43867,705,061F-4449-BE,2,773,1,2039.994,0,4079.988,...,"2001-08-01 00:00:00"
43867,706,061F-4449-BE,2,709,1,5.7,0,11.4,...,"2001-08-01 00:00:00"
43867,707,061F-4449-BE,3,714,1,28.8404,0,86.5212,...,"2001-08-01 00:00:00"
43867,708,061F-4449-BE,4,771,1,2039.994,0,8159.976,...,"2001-08-01 00:00:00"
43867,709,061F-4449-BE,2,711,1,20.1865,0,40.373,...,"2001-08-01 00:00:00"
43867,710,061F-4449-BE,1,707,1,20.1865,0,20.1865,...,"2001-08-01 00:00:00"
43867,711,061F-4449-BE,2,778,1,2024.994,0,4049.988,...,"2001-08-01 00:00:00"
43867,712,061F-4449-BE,4,712,1,5.1865,0,20.746,...,"2001-08-01 00:00:00"
43867,713,061F-4449-BE,2,743,1,714.7043,0,1429.4086,...,"2001-08-01 00:00:00"
43867,714,061F-4449-BE,1,748,1,722.5949,0,722.5949,...,"2001-08-01 00:00:00"
43867,715,061F-4449-BE,3,742,1,722.5949,0,2167.7847,...,"2001-08-01 00:00:00"
43867,716,061F-4449-BE,2,741,1,818.7,0,1637.4,...,"2001-08-01 00:00:00"
43867,717,061F-4449-BE,2,777,1,2024.994,0,4049.988,...,"2001-08-01 00:00:00"
43867,718,061F-4449-BE,1,716,1,28.8404,0,28.8404,...,"2001-08-01 00:00:00"
43868,719,5E0C-45B4-9D,1,749,1,2146.962,0,2146.962,...,"2001-08-01 00:00:00"
43869,720,96FA-4DF1-81,1,747,1,714.7043,0,714.7043,...,"2001-08-01 00:00:00"
43869,721,96FA-4DF1-81,5,775,1,2024.994,0,10124.97,...,"2001-08-01 00:00:00"
43869,722,96FA-4DF1-81,2,777,1,2024.994,0,4049.988,...,"2001-08-01 00:00:00"
43869,723,96FA-4DF1-81,2,745,1,809.76,0,1619.52,...,"2001-08-01 00:00:00"
43869,724,96FA-4DF1-81,5,771,1,2039.994,0,10199.97,...,"2001-08-01 00:00:00"
43869,725,96FA-4DF1-81,4,772,1,2039.994,0,8159.976,...,"2001-08-01 00:00:00"
43869,726,96FA-4DF1-81,1,743,1,714.7043,0,714.7043,...,"2001-08-01 00:00:00"
43869,727,96FA-4DF1-81,1,774,1,2039.994,0,2039.994,...,"2001-08-01 00:00:00"
43869,728,96FA-4DF1-81,5,778,1,2024.994,0,10124.97,...,"2001-08-01 00:00:00"
43869,729,96FA-4DF1-81,2,742,1,722.5949,0,1445.1898,...,"2001-08-01 00:00:00"
43870,730,1722-46CA-96,3,760,1,419.4589,0,1258.3767,...,"2001-08-01 00:00:00"
43870,731,1722-46CA-96,2,762,1,419.4589,0,838.9178,...,"2001-08-01 00:00:00"
43870,732,1722-46CA-96,3,715,1,28.8404,0,86.5212,...,"2001-08-01 00:00:00"
43870,733,1722-46CA-96,3,770,1,419.4589,0,1258.3767,...,"2001-08-01 00:00:00"
43870,734,1722-46CA-96,1,758,1,874.794,0,874.794,...,"2001-08-01 00:00:00"
43871,735,01F1-4AD5-A5,1,712,1,5.1865,0,5.1865,...,"2001-08-01 00:00:00"
43871,736,01F1-4AD5-A5,1,761,1,419.4589,0,419.4589,...,"2001-08-01 00:00:00"
43871,737,01F1-4AD5-A5,2,729,1,183.9382,0,367.8764,...,"2001-08-01 00:00:00"
43871,738,01F1-4AD5-A5,2,707,1,20.1865,0,40.373,...,"2001-08-01 00:00:00"
43871,739,01F1-4AD5-A5,1,758,1,874.794,0,874.794,...,"2001-08-01 00:00:00"
43871,740,01F1-4AD5-A5,1,725,1,183.9382,0,183.9382,...,"2001-08-01 00:00:00"
43871,741,01F1-4AD5-A5,1,762,1,419.4589,0,419.4589,...,"2001-08-01 00:00:00"
43871,742,01F1-4AD5-A5,2,715,1,28.8404,0,57.6808,...,"2001-08-01 00:00:00"
43871,743,01F1-4AD5-A5,3,754,1,874.794,0,2624.382,...,"2001-08-01 00:00:00"
43871,744,01F1-4AD5-A5,1,753,1,2146.962,0,2146.962,...,"2001-08-01 00:00:00"
43871,745,01F1-4AD5-A5,4,708,1,20.1865,0,80.746,...,"2001-08-01 00:00:00"
43871,746,01F1-4AD5-A5,2,760,1,419.4589,0,838.9178,...,"2001-08-01 00:00:00"
43871,747,01F1-4AD5-A5,3,770,1,419.4589,0,1258.3767,...,"2001-08-01 00:00:00"
43871,748,01F1-4AD5-A5,4,711,1,20.1865,0,80.746,...,"2001-08-01 00:00:00"
43872,749,52FF-45CD-9B,1,763,1,419.4589,0,419.4589,...,"2001-08-01 00:00:00"
43872,750,52FF-45CD-9B,1,708,1,20.1865,0,20.1865,...,"2001-08-01 00:00:00"
43872,751,52FF-45CD-9B,3,758,1,874.794,0,2624.382,...,"2001-08-01 00:00:00"
43872,752,52FF-45CD-9B,2,756,1,874.794,0,1749.588,...,"2001-08-01 00:00:00"
43872,753,52FF-45CD-9B,1,765,1,419.4589,0,419.4589,...,"2001-08-01 00:00:00"
43872,754,52FF-45CD-9B,2,711,1,20.1865,0,40.373,...,"2001-08-01 00:00:00"
43872,755,52FF-45CD-9B,4,707,1,20.1865,0,80.746,...,"2001-08-01 00:00:00"
43872,756,52FF-45CD-9B,2,725,1,183.9382,0,367.8764,...,"2001-08-01 00:00:00"
43872,757,52FF-45CD-9B,1,732,1,356.898,0,356.898,...,"2001-08-01 00:00:00"
43872,758,52FF-45CD-9B,1,738,1,178.5808,0,178.5808,...,"2001-08-01 00:00:00"
43872,759,52FF-45CD-9B,1,753,1,2146.962,0,2146.962,...,"2001-08-01 00:00:00"
43872,760,52FF-45CD-9B,2,754,1,874.794,0,1749.588,...,"2001-08-01 00:00:00"
43872,761,52FF-45CD-9B,1,755,1,874.794,0,874.794,...,"2001-08-01 00:00:00"
43872,762,52FF-45CD-9B,4,716,1,28.8404,0,115.3616,...,"2001-08-01 00:00:00"
43872,763,52FF-45CD-9B,1,760,1,419.4589,0,419.4589,...,"2001-08-01 00:00:00"
43872,764,52FF-45CD-9B,4,712,1,5.1865,0,20.746,...,"2001-08-01 00:00:00"
43873,765,494C-48D2-BD,6,770,1,419.4589,0,2516.7534,...,"2001-08-01 00:00:00"
43873,766,494C-48D2-BD,2,764,1,419.4589,0,838.9178,...,"2001-08-01 00:00:00"
43873,767,494C-48D2-BD,2,749,1,2146.962,0,4293.924,...,"2001-08-01 00:00:00"
43873,768,494C-48D2-BD,5,726,1,183.9382,0,919.691,...,"2001-08-01 00:00:00"
43873,769,494C-48D2-BD,5,729,1,183.9382,0,919.691,...,"2001-08-01 00:00:00"
43873,770,494C-48D2-BD,1,755,1,874.794,0,874.794,...,"2001-08-01 00:00:00"
43873,771,494C-48D2-BD,1,738,1,178.5808,0,178.5808,...,"2001-08-01 00:00:00"
43873,772,494C-48D2-BD,3,766,1,419.4589,0,1258.3767,...,"2001-08-01 00:00:00"
43873,773,494C-48D2-BD,3,722,1,178.5808,0,535.7424,...,"2001-08-01 00:00:00"
43873,774,494C-48D2-BD,5,758,1,874.794,0,4373.97,...,"2001-08-01 00:00:00"
43873,775,494C-48D2-BD,5,760,1,419.4589,0,2097.2945,...,"2001-08-01 00:00:00"
43873,776,494C-48D2-BD,3,733,1,356.898,0,1070.694,...,"2001-08-01 00:00:00"
43873,777,494C-48D2-BD,2,768,1,419.4589,0,838.9178,...,"2001-08-01 00:00:00"
43873,778,494C-48D2-BD,1,756,1,874.794,0,874.794,...,"2001-08-01 00:00:00"
43873,779,494C-48D2-BD,5,707,1,20.1865,0,100.9325,...,"2001-08-01 00:00:00"
43873,780,494C-48D2-BD,1,765,1,419.4589,0,419.4589,...,"2001-08-01 00:00:00"
43873,781,494C-48D2-BD,2,711,1,20.1865,0,40.373,...,"2001-08-01 00:00:00"
43873,782,494C-48D2-BD,6,754,1,874.794,0,5248.764,...,"2001-08-01 00:00:00"
43873,783,494C-48D2-BD,3,730,1,183.9382,0,551.8146,...,"2001-08-01 00:00:00"
43873,784,494C-48D2-BD,6,761,1,419.4589,0,2516.7534,...,"2001-08-01 00:00:00"
43873,785,494C-48D2-BD,5,763,1,419.4589,0,2097.2945,...,"2001-08-01 00:00:00"
43873,786,494C-48D2-BD,1,716,1,28.8404,0,28.8404,...,"2001-08-01 00:00:00"
43873,787,494C-48D2-BD,5,715,1,28.8404,0,144.202,...,"2001-08-01 00:00:00"
43873,788,494C-48D2-BD,1,714,1,28.8404,0,28.8404,...,"2001-08-01 00:00:00"
43873,789,494C-48D2-BD,4,762,1,419.4589,0,1677.8356,...,"2001-08-01 00:00:00"
43873,790,494C-48D2-BD,2,725,1,183.9382,0,367.8764,...,"2001-08-01 00:00:00"
43873,791,494C-48D2-BD,2,753,1,2146.962,0,4293.924,...,"2001-08-01 00:00:00"
43873,792,494C-48D2-BD,6,732,1,356.898,0,2141.388,...,"2001-08-01 00:00:00"
43874,793,190B-4F56-9E,1,763,1,419.4589,0,419.4589,...,"2001-08-01 00:00:00"
43875,794,CE1F-4E31-89,6,778,1,2024.994,0,12149.964,...,"2001-08-01 00:00:00"
43875,795,CE1F-4E31-89,2,747,1,714.7043,0,1429.4086,...,"2001-08-01 00:00:00"
43875,796,CE1F-4E31-89,1,741,1,818.7,0,818.7,...,"2001-08-01 00:00:00"
43875,797,CE1F-4E31-89,2,709,1,5.7,0,11.4,...,"2001-08-01 00:00:00"
43875,798,CE1F-4E31-89,2,715,1,28.8404,0,57.6808,...,"2001-08-01 00:00:00"
43875,799,CE1F-4E31-89,7,774,1,2039.994,0,14279.958,...,"2001-08-01 00:00:00"
43875,800,CE1F-4E31-89,6,771,1,2039.994,0,12239.964,...,"2001-08-01 00:00:00"
43875,801,CE1F-4E31-89,2,707,1,20.1865,0,40.373,...,"2001-08-01 00:00:00"
43875,802,CE1F-4E31-89,5,748,1,722.5949,0,3612.9745,...,"2001-08-01 00:00:00"
43875,803,CE1F-4E31-89,12,773,2,1971.9942,0.02,23190.651792,...,"2001-08-01 00:00:00"
43875,804,CE1F-4E31-89,1,745,1,809.76,0,809.76,...,"2001-08-01 00:00:00"
43875,805,CE1F-4E31-89,13,775,2,1957.4942,0.02,24938.476108,...,"2001-08-01 00:00:00"
43875,806,CE1F-4E31-89,2,772,1,2039.994,0,4079.988,...,"2001-08-01 00:00:00"
43875,807,CE1F-4E31-89,8,776,1,2024.994,0,16199.952,...,"2001-08-01 00:00:00"
43875,808,CE1F-4E31-89,2,743,1,714.7043,0,1429.4086,...,"2001-08-01 00:00:00"
43875,809,CE1F-4E31-89,2,712,1,5.1865,0,10.373,...,"2001-08-01 00:00:00"
43875,810,CE1F-4E31-89,2,777,1,2024.994,0,4049.988,...,"2001-08-01 00:00:00"
43875,811,CE1F-4E31-89,3,716,1,28.8404,0,86.5212,...,"2001-08-01 00:00:00"
43875,812,CE1F-4E31-89,5,708,1,20.1865,0,100.9325,...,"2001-08-01 00:00:00"
43875,813,CE1F-4E31-89,3,742,1,722.5949,0,2167.7847,...,"2001-08-01 00:00:00"
43875,814,CE1F-4E31-89,2,714,1,28.8404,0,57.6808,...,"2001-08-01 00:00:00"
43876,815,1E6F-4150-A3,2,762,1,419.4589,0,838.9178,...,"2001-08-01 00:00:00"
43876,816,1E6F-4150-A3,1,758,1,874.794,0,874.794,...,"2001-08-01 00:00:00"
43876,817,1E6F-4150-A3,3,763,1,419.4589,0,1258.3767,...,"2001-08-01 00:00:00"
43876,818,1E6F-4150-A3,2,754,1,874.794,0,1749.588,...,"2001-08-01 00:00:00"
43876,819,1E6F-4150-A3,2,725,1,183.9382,0,367.8764,...,"2001-08-01 00:00:00"
43876,820,1E6F-4150-A3,2,761,1,419.4589,0,838.9178,...,"2001-08-01 00:00:00"
43876,821,1E6F-4150-A3,2,770,1,419.4589,0,838.9178,...,"2001-08-01 00:00:00"
43876,822,1E6F-4150-A3,2,729,1,183.9382,0,367.8764,...,"2001-08-01 00:00:00"
43877,823,4ECF-42F2-A7,4,715,1,28.8404,0,115.3616,...,"2001-08-01 00:00:00"
43877,824,4ECF-42F2-A7,2,708,1,20.1865,0,40.373,...,"2001-08-01 00:00:00"
43877,825,4ECF-42F2-A7,5,709,1,5.7,0,28.5,...,"2001-08-01 00:00:00"
43877,826,4ECF-42F2-A7,3,771,1,2039.994,0,6119.982,...,"2001-08-01 00:00:00"
43877,827,4ECF-42F2-A7,2,775,1,2024.994,0,4049.988,...,"2001-08-01 00:00:00"
43877,828,4ECF-42F2-A7,4,774,1,2039.994,0,8159.976,...,"2001-08-01 00:00:00"
43877,829,4ECF-42F2-A7,1,778,1,2024.994,0,2024.994,...,"2001-08-01 00:00:00"
43877,830,4ECF-42F2-A7,1,716,1,28.8404,0,28.8404,...,"2001-08-01 00:00:00"
43877,831,4ECF-42F2-A7,1,711,1,20.1865,0,20.1865,...,"2001-08-01 00:00:00"
43877,832,4ECF-42F2-A7,2,707,1,20.1865,0,40.373,...,"2001-08-01 00:00:00"
43878,833,FC28-4F00-A9,1,772,1,2039.994,0,2039.994,...,"2001-08-01 00:00:00"
43878,834,FC28-4F00-A9,1,771,1,2039.994,0,2039.994,...,"2001-08-01 00:00:00"
43879,835,EDC5-4BD5-8F,3,762,1,419.4589,0,1258.3767,...,"2001-08-01 00:00:00"
43879,836,EDC5-4BD5-8F,2,763,1,419.4589,0,838.9178,...,"2001-08-01 00:00:00"
43879,837,EDC5-4BD5-8F,3,760,1,419.4589,0,1258.3767,...,"2001-08-01 00:00:00"
43879,838,EDC5-4BD5-8F,2,764,1,419.4589,0,838.9178,...,"2001-08-01 00:00:00"
43879,839,EDC5-4BD5-8F,2,715,1,28.8404,0,57.6808,...,"2001-08-01 00:00:00"
43879,840,EDC5-4BD5-8F,4,725,1,183.9382,0,735.7528,...,"2001-08-01 00:00:00"
43879,841,EDC5-4BD5-8F,4,714,1,28.8404,0,115.3616,...,"2001-08-01 00:00:00"
43879,842,EDC5-4BD5-8F,4,770,1,419.4589,0,1677.8356,...,"2001-08-01 00:00:00"
43879,843,EDC5-4BD5-8F,3,730,1,183.9382,0,551.8146,...,"2001-08-01 00:00:00"
43879,844,EDC5-4BD5-8F,2,754,1,874.794,0,1749.588,...,"2001-08-01 00:00:00"
43879,845,EDC5-4BD5-8F,2,726,1,183.9382,0,367.8764,...,"2001-08-01 00:00:00"
43879,846,EDC5-4BD5-8F,1,716,1,28.8404,0,28.8404,...,"2001-08-01 00:00:00"
43879,847,EDC5-4BD5-8F,2,766,1,419.4589,0,838.9178,...,"2001-08-01 00:00:00"
43879,848,EDC5-4BD5-8F,3,765,1,419.4589,0,1258.3767,...,"2001-08-01 00:00:00"
43879,849,EDC5-4BD5-8F,3,729,1,183.9382,0,551.8146,...,"2001-08-01 00:00:00"
43879,850,EDC5-4BD5-8F,1,768,1,419.4589,0,419.4589,...,"2001-08-01 00:00:00"
43879,851,EDC5-4BD5-8F,5,708,1,20.1865,0,100.9325,...,"2001-08-01 00:00:00"
43879,852,EDC5-4BD5-8F,3,758,1,874.794,0,2624.382,...,"2001-08-01 00:00:00"
43879,853,EDC5-4BD5-8F,1,756,1,874.794,0,874.794,...,"2001-08-01 00:00:00"
43879,854,EDC5-4BD5-8F,3,738,1,178.5808,0,535.7424,...,"2001-08-01 00:00:00"
43879,855,EDC5-4BD5-8F,2,755,1,874.794,0,1749.588,...,"2001-08-01 00:00:00"
43879,856,EDC5-4BD5-8F,4,707,1,20.1865,0,80.746,...,"2001-08-01 00:00:00"
43879,857,EDC5-4BD5-8F,5,711,1,20.1865,0,100.9325,...,"2001-08-01 00:00:00"
43879,858,EDC5-4BD5-8F,5,722,1,178.5808,0,892.904,...,"2001-08-01 00:00:00"
43879,859,EDC5-4BD5-8F,1,753,1,2146.962,0,2146.962,...,"2001-08-01 00:00:00"
43879,860,EDC5-4BD5-8F,13,712,2,5.0136,0.02,63.873264,...,"2001-08-01 00:00:00"
43880,861,3269-4442-87,3,760,1,419.4589,0,1258.3767,...,"2001-08-01 00:00:00"
43880,862,3269-4442-87,2,755,1,874.794,0,1749.588,...,"2001-08-01 00:00:00"
43880,863,3269-4442-87,3,762,1,419.4589,0,1258.3767,...,"2001-08-01 00:00:00"
43880,864,3269-4442-87,3,770,1,419.4589,0,1258.3767,...,"2001-08-01 00:00:00"
43880,865,3269-4442-87,1,766,1,419.4589,0,419.4589,...,"2001-08-01 00:00:00"
43880,866,3269-4442-87,1,738,1,178.5808,0,178.5808,...,"2001-08-01 00:00:00"
43880,867,3269-4442-87,1,732,1,356.898,0,356.898,...,"2001-08-01 00:00:00"
43880,868,3269-4442-87,2,753,1,2146.962,0,4293.924,...,"2001-08-01 00:00:00"
43880,869,3269-4442-87,2,756,1,874.794,0,1749.588,...,"2001-08-01 00:00:00"
43880,870,3269-4442-87,2,725,1,183.9382,0,367.8764,...,"2001-08-01 00:00:00"
43880,871,3269-4442-87,2,758,1,874.794,0,1749.588,...,"2001-08-01 00:00:00"
43880,872,3269-4442-87,1,764,1,419.4589,0,419.4589,...,"2001-08-01 00:00:00"
43880,873,3269-4442-87,1,768,1,419.4589,0,419.4589,...,"2001-08-01 00:00:00"
43881,874,89D3-483D-8F,2,776,1,2024.994,0,4049.988,...,"2001-08-01 00:00:00"
43881,875,89D3-483D-8F,2,778,1,2024.994,0,4049.988,...,"2001-08-01 00:00:00"
43881,876,89D3-483D-8F,5,772,1,2039.994,0,10199.97,...,"2001-08-01 00:00:00"
43881,877,89D3-483D-8F,3,774,1,2039.994,0,6119.982,...,"2001-08-01 00:00:00"
43881,878,89D3-483D-8F,3,777,1,2024.994,0,6074.982,...,"2001-08-01 00:00:00"
43881,879,89D3-483D-8F,2,714,1,28.8404,0,57.6808,...,"2001-08-01 00:00:00"
43881,880,89D3-483D-8F,4,773,1,2039.994,0,8159.976,...,"2001-08-01 00:00:00"
43881,881,89D3-483D-8F,21,709,3,5.225,0.05,104.23875,...,"2001-08-01 00:00:00"
43882,882,8137-47B8-9B,1,778,1,2024.994,0,2024.994,...,"2001-08-01 00:00:00"
43883,883,E43E-40BF-9B,2,726,1,183.9382,0,367.8764,...,"2001-08-01 00:00:00"
43883,884,E43E-40BF-9B,1,732,1,356.898,0,356.898,...,"2001-08-01 00:00:00"
43883,885,E43E-40BF-9B,2,763,1,419.4589,0,838.9178,...,"2001-08-01 00:00:00"
43883,886,E43E-40BF-9B,1,768,1,419.4589,0,419.4589,...,"2001-08-01 00:00:00"
43883,887,E43E-40BF-9B,2,770,1,419.4589,0,838.9178,...,"2001-08-01 00:00:00"
43883,888,E43E-40BF-9B,2,712,1,5.1865,0,10.373,...,"2001-08-01 00:00:00"
43883,889,E43E-40BF-9B,2,760,1,419.4589,0,838.9178,...,"2001-08-01 00:00:00"
43883,890,E43E-40BF-9B,1,722,1,178.5808,0,178.5808,...,"2001-08-01 00:00:00"
43883,891,E43E-40BF-9B,1,725,1,183.9382,0,183.9382,...,"2001-08-01 00:00:00"
43883,892,E43E-40BF-9B,3,738,1,178.5808,0,535.7424,...,"2001-08-01 00:00:00"
43883,893,E43E-40BF-9B,1,749,1,2146.962,0,2146.962,...,"2001-08-01 00:00:00"
43883,894,E43E-40BF-9B,3,762,1,419.4589,0,1258.3767,...,"2001-08-01 00:00:00"
43883,895,E43E-40BF-9B,3,758,1,874.794,0,2624.382,...,"2001-08-01 00:00:00"
43883,896,E43E-40BF-9B,2,754,1,874.794,0,1749.588,...,"2001-08-01 00:00:00"
43883,897,E43E-40BF-9B,2,761,1,419.4589,0,838.9178,...,"2001-08-01 00:00:00"
43883,898,E43E-40BF-9B,2,753,1,2146.962,0,4293.924,...,"2001-08-01 00:00:00"
43883,899,E43E-40BF-9B,2,765,1,419.4589,0,838.9178,...,"2001-08-01 00:00:00"
43884,900,728A-44AB-A8,3,747,1,714.7043,0,2144.1129,...,"2001-08-01 00:00:00"
43884,901,728A-44AB-A8,4,708,1,20.1865,0,80.746,...,"2001-08-01 00:00:00"
43884,902,728A-44AB-A8,3,745,1,809.76,0,2429.28,...,"2001-08-01 00:00:00"
43884,903,728A-44AB-A8,10,715,1,28.8404,0,288.404,...,"2001-08-01 00:00:00"
43884,904,728A-44AB-A8,10,777,1,2024.994,0,20249.94,...,"2001-08-01 00:00:00"
43884,905,728A-44AB-A8,5,776,1,2024.994,0,10124.97,...,"2001-08-01 00:00:00"
43884,906,728A-44AB-A8,5,773,1,2039.994,0,10199.97,...,"2001-08-01 00:00:00"
43884,907,728A-44AB-A8,3,741,1,818.7,0,2456.1,...,"2001-08-01 00:00:00"
43884,908,728A-44AB-A8,5,711,1,20.1865,0,100.9325,...,"2001-08-01 00:00:00"
43884,909,728A-44AB-A8,4,778,1,2024.994,0,8099.976,...,"2001-08-01 00:00:00"
43884,910,728A-44AB-A8,6,716,1,28.8404,0,173.0424,...,"2001-08-01 00:00:00"
43884,911,728A-44AB-A8,1,748,1,722.5949,0,722.5949,...,"2001-08-01 00:00:00"
43884,912,728A-44AB-A8,8,771,1,2039.994,0,16319.952,...,"2001-08-01 00:00:00"
43884,913,728A-44AB-A8,8,712,1,5.1865,0,41.492,...,"2001-08-01 00:00:00"
43884,914,728A-44AB-A8,2,775,1,2024.994,0,4049.988,...,"2001-08-01 00:00:00"
43884,915,728A-44AB-A8,3,743,1,714.7043,0,2144.1129,...,"2001-08-01 00:00:00"
43884,916,728A-44AB-A8,14,772,2,1971.9942,0.02,27055.760424,...,"2001-08-01 00:00:00"
43884,917,728A-44AB-A8,4,707,1,20.1865,0,80.746,...,"2001-08-01 00:00:00"
43884,918,728A-44AB-A8,4,774,1,2039.994,0,8159.976,...,"2001-08-01 00:00:00"
43884,919,728A-44AB-A8,4,709,1,5.7,0,22.8,...,"2001-08-01 00:00:00"
43884,920,728A-44AB-A8,1,742,1,722.5949,0,722.5949,...,"2001-08-01 00:00:00"
43884,921,728A-44AB-A8,1,714,1,28.8404,0,28.8404,...,"2001-08-01 00:00:00"
43885,922,190F-4A02-89,4,710,1,5.7,0,22.8,...,"2001-08-01 00:00:00"
43885,923,190F-4A02-89,8,709,1,5.7,0,45.6,...,"2001-08-01 00:00:00"
43886,924,CE58-49B5-82,2,754,1,874.794,0,1749.588,...,"2001-08-01 00:00:00"
43886,925,CE58-49B5-82,1,763,1,419.4589,0,419.4589,...,"2001-08-01 00:00:00"
43886,926,CE58-49B5-82,2,726,1,183.9382,0,367.8764,...,"2001-08-01 00:00:00"
43886,927,CE58-49B5-82,1,768,1,419.4589,0,419.4589,...,"2001-08-01 00:00:00"
43886,928,CE58-49B5-82,2,756,1,874.794,0,1749.588,...,"2001-08-01 00:00:00"
43886,929,CE58-49B5-82,3,711,1,20.1865,0,60.5595,...,"2001-08-01 00:00:00"
43886,930,CE58-49B5-82,6,712,1,5.1865,0,31.119,...,"2001-08-01 00:00:00"
43886,931,CE58-49B5-82,1,708,1,20.1865,0,20.1865,...,"2001-08-01 00:00:00"
43886,932,CE58-49B5-82,2,758,1,874.794,0,1749.588,...,"2001-08-01 00:00:00"
43886,933,CE58-49B5-82,2,770,1,419.4589,0,838.9178,...,"2001-08-01 00:00:00"
43886,934,CE58-49B5-82,5,760,1,419.4589,0,2097.2945,...,"2001-08-01 00:00:00"
43886,935,CE58-49B5-82,1,733,1,356.898,0,356.898,...,"2001-08-01 00:00:00"
43886,936,CE58-49B5-82,1,716,1,28.8404,0,28.8404,...,"2001-08-01 00:00:00"
43886,937,CE58-49B5-82,1,730,1,183.9382,0,183.9382,...,"2001-08-01 00:00:00"
43886,938,CE58-49B5-82,1,755,1,874.794,0,874.794,...,"2001-08-01 00:00:00"
43886,939,CE58-49B5-82,1,722,1,178.5808,0,178.5808,...,"2001-08-01 00:00:00"
43886,940,CE58-49B5-82,5,714,1,28.8404,0,144.202,...,"2001-08-01 00:00:00"
43886,941,CE58-49B5-82,1,766,1,419.4589,0,419.4589,...,"2001-08-01 00:00:00"
43886,942,CE58-49B5-82,3,762,1,419.4589,0,1258.3767,...,"2001-08-01 00:00:00"
43886,943,CE58-49B5-82,2,753,1,2146.962,0,4293.924,...,"2001-08-01 00:00:00"
43886,944,CE58-49B5-82,4,715,1,28.8404,0,115.3616,...,"2001-08-01 00:00:00"
43887,945,790D-448C-AA,1,765,1,419.4589,0,419.4589,...,"2001-08-01 00:00:00"
43888,946,7AED-4154-93,1,764,1,419.4589,0,419.4589,...,"2001-08-01 00:00:00"
43888,947,7AED-4154-93,1,755,1,874.794,0,874.794,...,"2001-08-01 00:00:00"
43888,948,7AED-4154-93,2,738,1,178.5808,0,357.1616,...,"2001-08-01 00:00:00"
43888,949,7AED-4154-93,1,725,1,183.9382,0,183.9382,...,"2001-08-01 00:00:00"
43888,950,7AED-4154-93,1,768,1,419.4589,0,419.4589,...,"2001-08-01 00:00:00"
43888,951,7AED-4154-93,2,760,1,419.4589,0,838.9178,...,"2001-08-01 00:00:00"
43888,952,7AED-4154-93,1,753,1,2146.962,0,2146.962,...,"2001-08-01 00:00:00"
43888,953,7AED-4154-93,2,756,1,874.794,0,1749.588,...,"2001-08-01 00:00:00"
43888,954,7AED-4154-93,5,754,1,874.794,0,4373.97,...,"2001-08-01 00:00:00"
43888,955,7AED-4154-93,2,770,1,419.4589,0,838.9178,...,"2001-08-01 00:00:00"
43888,956,7AED-4154-93,2,730,1,183.9382,0,367.8764,...,"2001-08-01 00:00:00"
43888,957,7AED-4154-93,2,763,1,419.4589,0,838.9178,...,"2001-08-01 00:00:00"
43888,958,7AED-4154-93,2,765,1,419.4589,0,838.9178,...,"2001-08-01 00:00:00"
43888,959,7AED-4154-93,1,726,1,183.9382,0,183.9382,...,"2001-08-01 00:00:00"
43889,960,F108-4D76-8A,1,778,1,2024.994,0,2024.994,...,"2001-08-01 00:00:00"
43889,961,F108-4D76-8A,2,716,1,28.8404,0,57.6808,...,"2001-08-01 00:00:00"
43890,962,6787-4174-98,5,771,1,2039.994,0,10199.97,...,"2001-08-01 00:00:00"
43890,963,6787-4174-98,2,777,1,2024.994,0,4049.988,...,"2001-08-01 00:00:00"
43890,964,6787-4174-98,7,773,1,2039.994,0,14279.958,...,"2001-08-01 00:00:00"
43890,965,6787-4174-98,2,774,1,2039.994,0,4079.988,...,"2001-08-01 00:00:00"
43890,966,6787-4174-98,3,742,1,722.5949,0,2167.7847,...,"2001-08-01 00:00:00"
43890,967,6787-4174-98,5,772,1,2039.994,0,10199.97,...,"2001-08-01 00:00:00"
43890,968,6787-4174-98,2,776,1,2024.994,0,4049.988,...,"2001-08-01 00:00:00"
43890,969,6787-4174-98,1,748,1,722.5949,0,722.5949,...,"2001-08-01 00:00:00"
43890,970,6787-4174-98,1,747,1,714.7043,0,714.7043,...,"2001-08-01 00:00:00"
43890,971,6787-4174-98,8,775,1,2024.994,0,16199.952,...,"2001-08-01 00:00:00"
43890,972,6787-4174-98,4,709,1,5.7,0,22.8,...,"2001-08-01 00:00:00"
43890,973,6787-4174-98,3,778,1,2024.994,0,6074.982,...,"2001-08-01 00:00:00"
43890,974,6787-4174-98,3,745,1,809.76,0,2429.28,...,"2001-08-01 00:00:00"
43891,975,1094-43CB-B1,2,775,1,2024.994,0,4049.988,...,"2001-08-01 00:00:00"
43891,976,1094-43CB-B1,2,710,1,5.7,0,11.4,...,"2001-08-01 00:00:00"
43891,977,1094-43CB-B1,1,778,1,2024.994,0,2024.994,...,"2001-08-01 00:00:00"
43891,978,1094-43CB-B1,3,773,1,2039.994,0,6119.982,...,"2001-08-01 00:00:00"
43891,979,1094-43CB-B1,3,771,1,2039.994,0,6119.982,...,"2001-08-01 00:00:00"
43891,980,1094-43CB-B1,4,709,1,5.7,0,22.8,...,"2001-08-01 00:00:00"
43891,981,1094-43CB-B1,2,776,1,2024.994,0,4049.988,...,"2001-08-01 00:00:00"
43891,982,1094-43CB-B1,3,772,1,2039.994,0,6119.982,...,"2001-08-01 00:00:00"
43891,983,1094-43CB-B1,2,777,1,2024.994,0,4049.988,...,"2001-08-01 00:00:00"
43892,984,0D3C-4E1F-9C,2,762,1,419.4589,0,838.9178,...,"2001-08-01 00:00:00"
43892,985,0D3C-4E1F-9C,3,715,1,28.8404,0,86.5212,...,"2001-08-01 00:00:00"
43892,986,0D3C-4E1F-9C,2,753,1,2146.962,0,4293.924,...,"2001-08-01 00:00:00"
43892,987,0D3C-4E1F-9C,3,712,1,5.1865,0,15.5595,...,"2001-08-01 00:00:00"
43892,988,0D3C-4E1F-9C,2,763,1,419.4589,0,838.9178,...,"2001-08-01 00:00:00"
43892,989,0D3C-4E1F-9C,5,760,1,419.4589,0,2097.2945,...,"2001-08-01 00:00:00"
43892,990,0D3C-4E1F-9C,1,729,1,183.9382,0,183.9382,...,"2001-08-01 00:00:00"
43892,991,0D3C-4E1F-9C,2,711,1,20.1865,0,40.373,...,"2001-08-01 00:00:00"
43892,992,0D3C-4E1F-9C,2,754,1,874.794,0,1749.588,...,"2001-08-01 00:00:00"
43892,993,0D3C-4E1F-9C,3,770,1,419.4589,0,1258.3767,...,"2001-08-01 00:00:00"
43892,994,0D3C-4E1F-9C,4,761,1,419.4589,0,1677.8356,...,"2001-08-01 00:00:00"
43892,995,0D3C-4E1F-9C,3,758,1,874.794,0,2624.382,...,"2001-08-01 00:00:00"
43892,996,0D3C-4E1F-9C,2,765,1,419.4589,0,838.9178,...,"2001-08-01 00:00:00"
43893,997,7C5D-46AA-A7,1,770,1,419.4589,0,419.4589,...,"2001-08-01 00:00:00"
43894,998,7DF2-4E54-B0,3,710,1,5.7,0,17.1,...,"2001-08-01 00:00:00"
43894,999,7DF2-4E54-B0,2,777,1,2024.994,0,4049.988,...,"2001-08-01 00:00:00"
43894,1000,7DF2-4E54-B0,3,775,1,2024.994,0,6074.982,...,"2001-08-01 00:00:00"
